瘤痢,瘤痢疙,老矫,乞闭扁柯(∑C),弥历扁柯(∑C),弥绊扁柯(∑C),碍荐 拌加矫埃(hr),10盒 弥促 碍荐樊(mm),1矫埃 弥促碍荐樊(mm),弥措 鉴埃 浅加(m/s),弥措 浅加(m/s),弥促浅氢(16规困),乞闭 捞浇痢柯档(∑C),弥家 惑措嚼档(%),乞闭 惑措嚼档(%),钦拌 老炼矫埃(hr),1矫埃 弥促老荤樊(MJ/m2)
236,何咯,2022-01-06,-1.6,-8,6,,,,5.7,3.1,340,-8.4,30,64.5,8.9,
236,何咯,2022-01-07,-3.1,-9.5,5.8,,,,2.8,1.6,140,-8.6,23,70.9,8.9,
236,何咯,2022-01-08,-.9,-9.1,7.2,,,,5.3,3.6,180,-5.2,47,74.4,6.9,
236,何咯,2022-01-09,.7,-4.3,7,,,,3.2,1.8,250,-3.4,41,76.1,6.4,
236,何咯,2022-01-10,.1,-6.6,6.6,,,,3.6,1.9,320,-4.6,42,73.6,3,
236,何咯,2022-01-11,-2.8,-5.7,1,,,,10,5.7,290,-10.4,35,57,8.2,
236,何咯,2022-01-12,-4.8,-10,1.5,,,,6.6,4.2,20,-11.3,36,61.9,8.9,
236,何咯,2022-01-13,-4.4,-8.6,.6,,,,13.9,6.7,320,-10.5,38,64.5,6.8,
236,何咯,2022-01-14,-4.7,-11.5,3.1,,,,4.6,2.2,180,-11.3,24,63.9,9,
236,何咯,2022-01-15,-.5,-7.2,5.9,,,,3.6,2.1,110,-9.4,26,53.3,3.7,
236,何咯,2022-01-16,-.8,-6.9,3.1,,,,8.9,5.9,290,-6.3,39,68.5,8.6,
236,何咯,2022-01-17,-3.2,-8.4,2.2,,,,9.1,4.3,200,-8,49,70.8,4.5,
236,何咯,2022-01-18,-5,-11.5,2.7,,,,5.2,2.5,340,-13.3,24,57,9.1,
236,何咯,2022-01-19,-4,-10.5,3.6,,,,7.4,3.9,290,-8.4,41,72.6,4.8,
236,何咯,2022-01-20,-4.5,-10.4,3,,,,6.3,2.7,340,-10.2,32,67.5,9.2,
236,何咯,2022-01-21,-3,-10.1,5.9,,,,5.4,3.1,20,-10.5,21,61.4,9.3,
236,何咯,2022-01-22,2.7,-4,8.4,,,,2.8,2,270,-4.6,37,60.3,1.1,
236,何咯,2022-01-23,4,-1.7,9.9,,,,4.3,2.7,290,-4.4,36,55.5,1.4,
236,何咯,2022-01-24,5,-2.3,9.6,,,,7.6,4,90,-2.7,44,58.9,3.2,
236,何咯,2022-01-25,2.4,-1.5,5.2,,,,4.2,2.4,20,1.2,54,93,0,
236,何咯,2022-01-26,1,-3.9,7.6,,,,4.3,2.3,180,-2.7,42,78.8,3.9,
236,何咯,2022-01-27,-.1,-5.3,6.5,,,,6.8,3.5,320,-6.9,31,64.6,9,
236,何咯,2022-01-28,-1.4,-6.8,5.2,,,,6.2,3.6,290,-7.8,33,65.4,9,
236,何咯,2022-01-29,-2.2,-7.3,4.3,,,,7.9,4.3,290,-10.2,24,59,9.1,
236,何咯,2022-01-30,-2.7,-8.9,4.8,,,,7,3.6,290,-10.4,26,59.9,9.4,
236,何咯,2022-01-31,-1.7,-9.6,6.5,,,,4.9,2.7,110,-6.7,39,72.1,9.3,
236,何咯,2022-02-01,.2,-4.3,2.7,,,,8,4.4,270,-3.3,55,77.6,2.1,
236,何咯,2022-02-02,-.4,-4.7,3.5,,,,7.7,3.9,320,-7.1,34,62.3,8.2,
236,何咯,2022-02-03,-2.5,-8,4.1,,,,7.7,4.5,320,-10.4,25,59.9,9.5,
236,何咯,2022-02-04,-2.8,-6.6,3,,,,9.4,5.4,290,-7.9,38,68.9,4.6,
236,何咯,2022-02-05,-4,-8.8,.8,,,,10.1,5.8,290,-9.3,42,68.9,6.5,
236,何咯,2022-02-06,-3.3,-9.7,4.1,,,,8.8,5.6,270,-7.9,42,73.1,5.3,
236,何咯,2022-02-07,-2.5,-9.1,3.1,,,,5.6,3.1,340,-10.9,27,58.3,3.7,
236,何咯,2022-02-08,-.8,-7.3,7,,,,7.4,3.4,270,-7.3,34,64.4,6.9,
236,何咯,2022-02-09,.3,-7.7,7.6,,,,3.9,2.1,270,-8.5,16,59,8.8,
236,何咯,2022-02-10,1.8,-4.2,9,,,,8.2,4.1,320,-6.6,27,57.4,9.4,
236,何咯,2022-02-11,1.6,-6.9,11.3,,,,5.1,2.7,340,-7.3,21,57.8,9.5,
236,何咯,2022-02-12,3.2,-3.7,12.3,,,,5.7,3.2,360,-6.2,15,55.3,9.3,
236,何咯,2022-02-13,3.9,-2.6,11.6,,,,6.3,3.2,50,-4.3,30,58.5,4.5,
236,何咯,2022-02-14,3.1,-3.9,11.9,,,,8.7,4.8,270,-3.2,24,66.6,7.3,
236,何咯,2022-02-15,-2.2,-6.4,1.2,,,,9.6,6.1,290,-8.5,48,62.1,3.8,
236,何咯,2022-02-16,-4.7,-8.4,-1,,,,9.4,5.3,290,-10.8,38,64.5,6.2,
236,何咯,2022-02-17,-4.9,-11.1,.7,,,,8,4,340,-14.1,27,51.8,10,
236,何咯,2022-02-18,-1.7,-11,7.4,,,,5.8,2.8,270,-10.9,17,54.3,9.5,
236,何咯,2022-02-19,.5,-3.5,5.1,,,,9.3,4.7,290,-7,45,57.3,3.2,
236,何咯,2022-02-20,-3.1,-5.9,1.1,,,,10.6,5.8,320,-12.6,24,51,10,
236,何咯,2022-02-21,-2,-9.6,5.5,,,,11.2,6.7,270,-8.2,34,64.5,6.9,
236,何咯,2022-02-22,-2.3,-8.8,3.5,,,,11.1,6.2,290,-10.1,32,57.6,8.3,
236,何咯,2022-02-23,-4.1,-9.2,2.4,,,,8.4,5.4,290,-14.6,22,46.6,9.6,
236,何咯,2022-02-24,-2.9,-10.4,5.5,,,,8.1,4.9,290,-10,28,61.9,10.2,
236,何咯,2022-02-25,1.3,-7.9,10.4,,,,8.3,4.5,230,-2.8,45,76.4,8.5,
236,何咯,2022-02-26,5.9,1.6,11,,,,12.1,6.3,200,1.3,54,73.8,5.3,
236,何咯,2022-02-27,2.9,-4.9,11.2,,,,8,4.7,270,-5.3,17,62.6,10.4,
236,何咯,2022-02-28,4.7,-4.5,14.1,,,,4,2.3,200,-4.3,18,59.8,7.1,
236,何咯,2022-03-01,5.3,-1.4,12.7,,,,10.6,5.6,270,1.2,54,76,4.3,
236,何咯,2022-03-02,1.6,-6.1,10.6,,,,8.2,4.9,270,-4.6,25,68.6,10.5,
236,何咯,2022-03-03,3.9,-4,13.9,,,,7.8,4.2,160,-2.9,20,67.5,10,
236,何咯,2022-03-04,6.9,-2.5,16.1,,,,14.8,8.7,200,.2,28,67.5,6,
236,何咯,2022-03-05,3.5,-1.1,7.8,,,,15,8.3,290,-8.8,20,43.9,10.4,
236,何咯,2022-03-06,.8,-6.6,8.8,,,,7.8,4.7,320,-9.8,17,51.3,10.8,
236,何咯,2022-03-07,2.2,-4.9,11.4,,,,5.6,3.6,200,-6.9,19,56.3,9.5,
236,何咯,2022-03-08,3.9,-4.5,13.8,,,,7,3.9,290,-2.3,34,67.3,10.3,
236,何咯,2022-03-09,5.5,-3.2,16.3,,,,6.4,3.2,200,-2,16,64.6,10.5,
236,何咯,2022-03-10,6.9,-2.2,17.5,,,,7.8,3.8,250,-.8,16,63.6,9.7,
236,何咯,2022-03-11,10.2,1.7,17.8,,,,5.3,3.2,250,3.6,41,65.6,1.7,
236,何咯,2022-03-12,14.2,5.8,19.9,,,,12.2,6.2,200,9.1,60,72.4,1.4,
236,何咯,2022-03-13,13.5,11.9,16.9,,,,8.2,4.3,270,12.4,72,94.1,0,
236,何咯,2022-03-14,9.8,5.1,13.3,,,,8.8,5.2,270,9.1,82,95.6,0,
236,何咯,2022-03-15,7.2,.6,16.1,,,,4.7,2.9,200,2.3,32,75.9,7.1,
236,何咯,2022-03-16,9.9,-.5,19.5,,,,5.5,2.4,200,1.7,26,63.3,8.8,
236,何咯,2022-03-17,9.3,7.1,11.2,,,,7.2,3.4,50,6.5,59,83.6,0,
236,何咯,2022-03-18,7.1,5.8,9.7,,,,7.9,3.8,20,3.9,63,80.9,0,
236,何咯,2022-03-19,4.7,3.3,7,,,,9.7,5.8,270,2.4,66,85.9,.4,
236,何咯,2022-03-20,4.5,.5,8.9,,,,6.9,3.4,230,.7,55,77.9,1.4,
236,何咯,2022-03-21,5.1,-2.1,12.2,,,,5.8,2.8,290,-4,25,57.5,8,
236,何咯,2022-03-22,6.7,-.3,13.5,,,,6.9,3.2,340,-3.7,22,51.8,9.1,
236,何咯,2022-03-23,5.1,1.1,9.9,,,,5.9,2.6,270,-.3,40,70.9,.8,
236,何咯,2022-03-24,7.2,-1,15.4,,,,5.8,3.6,200,2.3,46,74.3,5.8,
236,何咯,2022-03-25,12,3.4,18.3,,,,10.6,5.3,110,7.3,44,75.8,2.2,
236,何咯,2022-03-26,10.8,5.9,15.3,,,,11.7,7,200,9.3,71,91,1,
236,何咯,2022-03-27,7,1.1,15.1,,,,9.3,5.2,290,0,30,66.8,9.4,
236,何咯,2022-03-28,6.1,-2.1,15.1,,,,6.6,3.6,270,-3.4,19,58.1,10.7,
236,何咯,2022-03-29,8.8,-.8,18,,,,4.7,2.9,250,1.8,31,66.4,11.4,
236,何咯,2022-03-30,10,2.5,16.5,,,,5,2.7,270,7.4,55,85,.3,
236,何咯,2022-03-31,10.6,7.4,14.7,,,,6.7,3.3,290,6.3,50,75.6,.2,
236,何咯,2022-04-01,9.3,3.4,16.2,,,,7.1,4.4,360,.4,23,57.4,10.6,
236,何咯,2022-04-02,6.2,-1.6,14.2,,,,7.7,5,200,-1.6,26,62.3,10.7,
236,何咯,2022-04-03,8,-1.4,17.6,,,,6.7,3.7,180,-1.5,19,58.9,11.7,
236,何咯,2022-04-04,9,-.3,18.4,,,,7,4.5,200,-1,20,57,11.8,
236,何咯,2022-04-05,8.1,-.2,17.4,,,,8,4.5,200,-1.9,20,56.4,7.2,
236,何咯,2022-04-06,10.8,2.2,21.2,,,,6.6,3.1,360,3,24,61.9,10.2,
236,何咯,2022-04-07,10.2,4.3,18.5,,1.1,2.3,8.4,3.9,200,1,26,58.3,8.6,
236,何咯,2022-04-08,11.3,.5,22.6,,,,5.8,3.2,180,.7,20,53.4,12,
236,何咯,2022-04-09,16,6.4,24,,,,12.4,7.6,200,5.3,32,52.5,10.9,
236,何咯,2022-04-10,16,6.4,25.5,,,,6.5,3.4,270,6.2,22,57.8,9.2,
236,何咯,2022-04-11,18.6,9.5,27,,,,6.2,3.5,200,12.1,36,69.4,11.3,
236,何咯,2022-04-12,18.3,12.2,25,,,,10,4.1,200,14.2,51,79.6,8.7,
236,何咯,2022-04-13,13.2,10.1,16.5,,3,10.9,9.2,4.6,360,12.1,88,93.5,0,
236,何咯,2022-04-14,11,9.1,15.1,,.2,.8,6.6,2.8,20,7.8,63,81.9,.5,
236,何咯,2022-04-15,12.3,7.1,19.4,,,,9,5.1,290,4,29,59.9,11.5,
236,何咯,2022-04-16,11.3,4,19.8,,,,8.5,5,290,1.7,19,58.3,11.9,
236,何咯,2022-04-17,12,1.7,22.1,,,,8.2,4.8,290,2,18,58,12,
236,何咯,2022-04-18,13.1,7.6,22.5,,,,7.5,4,320,2.3,18,56,7,
236,何咯,2022-04-19,12.9,4.8,22.8,,,,8.8,5.8,230,1.4,14,52.8,11.4,
236,何咯,2022-04-20,12.6,3.5,22.2,,,,7,3.8,200,3.7,20,61.5,12.3,
236,何咯,2022-04-21,12.7,4.7,21.4,,,,7.9,4.6,200,5.1,22,67.3,6.6,
236,何咯,2022-04-22,14.6,7.6,23.7,,,,13,6.3,200,10.8,47,81,6.1,
236,何咯,2022-04-23,17.9,11.6,25,,,,4.8,2.1,180,10.1,28,65,6,
236,何咯,2022-04-24,17.9,12.5,26.1,,,,7.6,4.7,200,13.2,45,76.3,9.8,
236,何咯,2022-04-25,19.5,13.9,26.1,,.7,2.9,5.9,3.7,20,13.7,32,73.5,3.1,
236,何咯,2022-04-26,18.5,15.4,24.9,,1.1,2.8,5.5,3.2,340,15,55,82.1,1.8,
236,何咯,2022-04-27,15.5,8.1,23.3,,,,5.4,3.1,200,4.5,21,52.5,11.7,
236,何咯,2022-04-28,15.8,8.5,24.3,,,,9.3,5.2,360,8.1,31,63.5,6.5,
236,何咯,2022-04-29,13.2,10.1,17.4,,.8,3.8,6.3,3.1,20,8.7,53,75.8,2.5,
236,何咯,2022-04-30,12.5,7.4,18.4,,,,8.3,5.4,270,7.5,47,74,5.5,
236,何咯,2022-05-01,12.1,4.8,19.3,,,,8.1,4.5,140,3.1,18,62.4,10.7,
236,何咯,2022-05-02,12.5,6,20.1,,,,10,5.8,270,4.2,21,63.3,11.3,
236,何咯,2022-05-03,12,3.5,20.4,,,,7.2,4.5,230,2.4,21,58.9,12.8,
236,何咯,2022-05-04,14.3,4.8,24.3,,,,7.3,4.1,230,3.9,24,56,12.6,
236,何咯,2022-05-05,15.9,5.6,25.1,,,,6.3,3.4,270,8.3,34,65.1,12.9,
236,何咯,2022-05-06,18.8,9.9,27,,,,6.8,3.5,230,12,38,69.3,11.7,
236,何咯,2022-05-07,16.8,10.4,23.8,,,,7.5,4.4,290,8,26,62.5,9.2,
236,何咯,2022-05-08,16.2,9.4,23.7,,0,0,8,4,340,7.6,38,58,6,
236,何咯,2022-05-09,16.3,10.6,23.6,,.3,.8,7.4,3.6,360,9.2,35,67.4,9.3,
236,何咯,2022-05-10,18,10.4,25.4,,,,6.8,3.6,180,5.5,20,49.3,10,
236,何咯,2022-05-11,18.9,14.1,24.6,,,,7.2,3.3,200,9.7,39,56.6,4.1,
236,何咯,2022-05-12,20,13.3,27.9,,,,7,4.5,200,11.5,38,60.1,6.3,
236,何咯,2022-05-13,17.8,14.3,21.8,,,,6.8,3.7,110,10,35,62.8,2.5,
236,何咯,2022-05-14,14.4,7,21.7,,,,10.8,5.8,290,2.1,18,48.6,9.2,
236,何咯,2022-05-15,13.7,6.5,21.9,,,,10.3,5.9,270,1.9,22,50.6,11.7,
236,何咯,2022-05-16,14.7,4.9,23.1,,,,8.9,4.9,180,4,23,54.1,13.2,
236,何咯,2022-05-17,17.5,8,27,,,,8.2,4.5,230,9.4,32,63.6,12.8,
236,何咯,2022-05-18,19.5,10.7,27,,,,10.7,6.1,200,8.2,27,53.8,12.6,
236,何咯,2022-05-19,18.6,12.9,24.8,,,,8.8,4.6,200,5.5,24,44.8,4.9,
236,何咯,2022-05-20,18.9,12,26.6,,,,6.5,3.7,250,10.3,36,60,9,
236,何咯,2022-05-21,19,12.1,27.2,,,,7.5,4,200,13.5,44,74.1,12.1,
236,何咯,2022-05-22,19.4,13.7,25.6,,,,9.4,6.1,200,14.7,51,76.3,11.2,
236,何咯,2022-05-23,21.4,16.5,28.6,,,,7.6,4.8,200,15.4,44,70.8,8.2,
236,何咯,2022-05-24,21.6,13.2,31.1,,,,6.6,3.5,360,12.6,27,63.3,10.8,
236,何咯,2022-05-25,20.4,13.2,28,,.2,.3,7.8,4.7,200,13.9,40,69.9,9.5,
236,何咯,2022-05-26,18,12,24.9,,.9,2.1,8.3,5.4,200,10,29,64.6,12.9,
236,何咯,2022-05-27,20.2,13.2,27.3,,,,8.5,4.8,270,12.3,31,64.4,13.1,
236,何咯,2022-05-28,21.3,14.9,28.9,,,,8.7,5.1,200,10.9,21,58.5,12.4,
236,何咯,2022-05-29,22.6,15.4,29.1,,0,0,6.1,3.4,90,14.3,34,62.8,12.2,
236,何咯,2022-05-30,20.3,15.1,24.6,,.1,.2,6.5,3.9,290,15.8,59,76.5,.2,
236,何咯,2022-05-31,18.9,10.4,27.7,,,,7.9,4.6,160,8.2,23,56.9,13.2,
236,何咯,2022-06-01,20.7,12.1,30.5,,,,7.5,4.7,230,7.6,13,49.6,13.5,
236,何咯,2022-06-02,20.2,11.6,28,,,,6.7,3.7,200,14.2,44,71.4,13,
236,何咯,2022-06-03,22.9,16.9,31.8,,,,5,3.1,180,16.4,32,70.9,8.9,
236,何咯,2022-06-04,24.2,18.4,30.1,,,,4.2,2.4,90,16.2,40,63.6,6.4,
236,何咯,2022-06-05,18.7,17,22.1,,.4,1.4,5.3,2.8,340,15.7,61,83.5,0,
236,何咯,2022-06-06,19.7,16.6,24.7,,.9,3.4,6.2,3.2,70,15.7,57,79.4,5.5,
236,何咯,2022-06-07,16.8,15.1,18.8,,.7,2.8,7.2,3.7,360,14.3,69,86.5,.2,
236,何咯,2022-06-08,20.1,15.8,25.9,,,,5.7,3.7,50,15.5,48,77.3,,
236,何咯,2022-06-09,21.4,16,27.3,,0,0,6.5,4,140,16,45,73.5,7.7,
236,何咯,2022-06-10,22.8,16.1,28.6,,,,6.2,4.1,270,16.1,39,68.9,7,
236,何咯,2022-06-11,23.9,17.5,31.5,,3.2,5.2,6.6,3.2,20,15.9,34,65.8,9.6,
236,何咯,2022-06-12,22.3,17.2,28.1,,,,7.2,3.9,200,17.4,55,75.9,8,
236,何咯,2022-06-13,23,18.6,28,,,,7,4.1,90,14.9,42,63.3,9.7,
236,何咯,2022-06-14,18.4,16,20.7,,.3,.5,9.4,4.7,90,13.9,58,76.8,0,
236,何咯,2022-06-15,19.3,15.5,25,,4.4,13.4,7.7,4,200,16.7,67,86.4,2.8,
236,何咯,2022-06-16,20.8,16.4,26,,0,0,7.8,4.4,230,15.5,50,73.3,9.3,
236,何咯,2022-06-17,21.8,16.2,27.4,,0,0,4.5,2.6,110,18.4,63,82.5,1.3,
236,何咯,2022-06-18,23.5,19.5,27.4,,,,6.9,4.3,200,19.9,62,81.6,6.1,
236,何咯,2022-06-19,23.8,20,28.6,,,,6.2,3.6,230,20.5,65,82.9,3.8,
236,何咯,2022-06-20,25.8,19.9,32.6,,,,6.5,4,200,21.1,47,77.3,9.8,
236,何咯,2022-06-21,26.8,20.6,34.5,,,,6.7,3.8,320,21.1,42,73.6,12.7,
236,何咯,2022-06-22,25.4,21.3,32.3,,,,7.6,4.6,200,20.2,35,75,12.1,
236,何咯,2022-06-23,24.5,20.8,28.5,,4.4,8.2,9.8,5.4,200,22.8,70,91.1,1,
236,何咯,2022-06-24,23.9,22.7,26.8,,.9,2,8.9,4.8,200,21.3,71,86,3.3,
236,何咯,2022-06-25,26.6,22,31.2,,,,7.3,4.5,200,22.5,63,79.6,5.6,
236,何咯,2022-06-26,27.3,24.9,31.1,,.3,.3,10.1,5.1,180,23,65,78,.8,
236,何咯,2022-06-27,28,25.4,30.2,,.1,.1,12.7,6.5,180,23.3,69,76.1,.4,
236,何咯,2022-06-28,28.7,27.1,31.7,,0,0,13.8,7.1,180,22.7,61,70.1,2.5,
236,何咯,2022-06-29,26.1,23.9,29.3,,5.4,10.8,14.2,5.9,180,24.1,70,89.1,0,
236,何咯,2022-06-30,27,24,30.9,,.6,1.3,11.3,6,180,23.7,66,83,2.5,
236,何咯,2022-07-01,27.3,22.2,33.4,,,,5.7,3.4,250,22.9,54,79,10.4,
236,何咯,2022-07-02,28,22.2,34.2,,,,4.6,2.8,250,23.4,45,78.9,12,
236,何咯,2022-07-03,28.2,24.2,33.7,,,,5.7,3.6,110,23.2,52,76.8,8.7,
236,何咯,2022-07-04,27.8,23.3,33.4,,0,0,6.1,3.6,180,23.3,54,78.3,6.7,
236,何咯,2022-07-05,27.8,24.3,32.4,,0,0,4.2,2.8,200,24.2,65,82,3.1,
236,何咯,2022-07-06,29.5,24.2,34.4,,,,6.6,3.8,160,23.7,54,72.8,5.3,
236,何咯,2022-07-07,28.8,26.4,33.4,,4.1,5.5,9.1,4.5,110,24.4,59,78.8,4.3,
236,何咯,2022-07-08,27.1,22.8,31.5,,0,0,6.9,3.6,200,22.8,55,79,6.9,
236,何咯,2022-07-09,26.1,21.9,30.1,,,,4.4,2.9,180,22.9,65,83.6,2.1,
236,何咯,2022-07-10,27.5,22.9,33.4,,0,0,7.4,2.5,250,23.5,56,80.8,4.9,
236,何咯,2022-07-11,25.5,23.5,28.8,,4.1,9.5,4.8,2.7,20,23.8,72,91,.8,
236,何咯,2022-07-12,26.6,23.3,29.5,,,,3.8,2.1,360,24,73,86.5,.1,
236,何咯,2022-07-13,25.7,24.4,27.2,,8,17.9,7.2,3.3,160,23.4,78,88,0,
236,何咯,2022-07-14,25.6,22.1,29.6,,.6,1.7,8,4.3,200,23,69,86.8,6.8,
236,何咯,2022-07-15,24.9,20.7,31.2,,,,4.6,2.6,20,21.2,54,81.9,7.1,
236,何咯,2022-07-16,24.8,20.3,30.1,,,,8.5,4.9,230,20.9,56,80.8,8.3,
236,何咯,2022-07-17,25.3,20.5,31,,,,6.4,4.4,200,21.5,55,81.5,5.6,
236,何咯,2022-07-18,22.3,21.1,24.1,,5.2,16.1,7.3,4.6,20,21.8,86,97.3,0,
236,何咯,2022-07-19,24.7,19.8,30.5,,,,7.9,4.2,200,21.9,62,85.8,5.9,
236,何咯,2022-07-20,27,22.7,32.6,,1.6,2.1,3.9,2.4,180,23.2,50,81.5,7.7,
236,何咯,2022-07-21,24,21.5,26.3,,2.8,11.1,8.3,3.9,290,21.9,71,89.1,.8,
236,何咯,2022-07-22,24.2,20.7,29.7,,,,7.2,3.9,200,20.4,54,81,7.3,
236,何咯,2022-07-23,23.8,20.1,27.7,,8.2,13.6,7.1,2.9,90,21.5,67,88.1,.8,
236,何咯,2022-07-24,24.4,22.1,27.3,,.7,1.1,5.5,2.9,140,23.5,87,95.4,.2,
236,何咯,2022-07-25,26.6,23,32.4,,,,5.1,3.5,200,23,54,82.9,6.9,
236,何咯,2022-07-26,27.1,22.1,33.1,,,,5.3,3.5,200,23.6,54,83,10.7,
236,何咯,2022-07-27,27.5,24.3,31.6,,,,5.3,3.1,70,22.7,55,77.1,9,
236,何咯,2022-07-28,27.9,22.8,34,,,,5.3,3.4,20,23.1,53,76.6,10.9,
236,何咯,2022-07-29,28.9,24.2,35,,4.1,4.1,6.7,2.8,360,24.7,47,80,11.3,
236,何咯,2022-07-30,28.5,24.7,32.4,,0,0,7.7,3.9,90,23.6,59,76.3,5.6,
236,何咯,2022-07-31,26.1,24.7,27.7,,1.6,3.5,5.2,3.1,70,24.8,76,93,0,
236,何咯,2022-08-01,28.2,24.8,32.8,,2.7,6.3,8.4,4.2,90,24.9,62,83.4,2.7,
236,何咯,2022-08-02,27.6,25.9,30.2,,.8,1.4,10.3,5.5,200,25,72,86.4,.8,
236,何咯,2022-08-03,28.7,25.4,32.9,,0,0,7.6,3.7,200,25.2,62,82.8,8.7,
236,何咯,2022-08-04,28.6,25,33.2,,,,7.3,3.6,200,25.1,63,83,10.4,
236,何咯,2022-08-05,28.4,25.8,32.6,,1.2,2.8,7.7,4.1,250,25.8,67,87.4,6.6,
236,何咯,2022-08-06,29,25.4,33.8,,,,5,3.1,200,25.3,59,82,8.9,
236,何咯,2022-08-07,29,26,33.2,,,,7.6,3.7,180,25.8,66,83.6,3.1,
236,何咯,2022-08-08,28.4,27.4,29.7,,0,0,9.5,5.2,180,24.7,74,80.9,0,
236,何咯,2022-08-09,27.9,26.1,29.8,,.3,1.2,9.7,5.7,200,24.7,74,83.4,.2,
236,何咯,2022-08-10,26.1,24.6,27.7,,16.6,49.5,10.3,4.6,200,25.5,82,96.6,0,
236,何咯,2022-08-11,25.2,24,26.5,,4.9,19.7,8.7,3.8,160,24.7,89,97.1,0,
236,何咯,2022-08-12,26.8,22.1,31.7,,,,4,2.2,340,23,58,81.4,11.4,
236,何咯,2022-08-13,25.2,23.1,27.9,,5,9,4.3,2.5,160,24.1,79,94,.2,
236,何咯,2022-08-14,27.1,24.1,30.5,,29.8,110.6,10.2,5.2,180,25.2,77,90.1,.4,
236,何咯,2022-08-15,28.1,24,31.4,,16.9,53,14.1,6.8,200,24.4,65,81.1,2,
236,何咯,2022-08-16,25.8,24,29.6,,9.6,11.4,8.1,4.2,140,24.1,74,91,3,
236,何咯,2022-08-17,25.2,21.1,30.6,,0,0,6.6,3.9,200,22.2,56,85.1,6.2,
236,何咯,2022-08-18,24.5,20.1,30.1,,,,5.1,2.7,250,20.7,55,81.8,8.5,
236,何咯,2022-08-19,26,20.5,30.2,,,,8.7,4.8,200,23.7,76,87.9,.4,
236,何咯,2022-08-20,26.7,23.4,31.1,,7.5,18.4,6.4,3.7,230,24.8,64,90,4.9,
236,何咯,2022-08-21,26.5,22.4,32.3,,,,4.3,2.3,230,23.3,56,84.4,7.3,
236,何咯,2022-08-22,26.3,22.6,31.7,,,,8.1,3.4,140,22.9,58,83.3,5.8,
236,何咯,2022-08-23,24.1,21.6,25.7,,7.8,11.3,4.3,2.6,110,23.1,87,94.8,.1,
236,何咯,2022-08-24,22.8,20.2,26.3,,.1,.1,4.9,2.8,360,20.3,69,86.1,1.8,
236,何咯,2022-08-25,21.8,17.9,28.8,,0,0,6.8,3.5,340,18.7,54,84,1.7,
236,何咯,2022-08-26,21.7,16.1,28.4,,,,6.5,3.4,230,18.1,55,82.4,9.3,
236,何咯,2022-08-27,21.1,15.3,26.6,,,,6.7,4,290,15,34,72.5,8.9,
236,何咯,2022-08-28,21.1,14.7,28,,,,6.2,3.3,110,15.3,42,73.4,12.1,
236,何咯,2022-08-29,19.2,18.4,21,,.8,1.9,6.2,3.5,360,16.9,74,87.3,0,
236,何咯,2022-08-30,19.2,17.9,20.1,,1.9,5.6,8.9,3.9,360,18.7,85,97.3,0,
236,何咯,2022-08-31,21.6,18.7,25,,1,2.2,4.3,2.4,360,19.7,70,90,1,
236,何咯,2022-09-01,22.3,18.4,28.1,,,,5.4,2.6,70,19.2,57,84.6,6.9,
236,何咯,2022-09-02,22.7,17.8,28,,,,8.5,4.2,90,18.2,58,77.3,4.4,
236,何咯,2022-09-03,24.2,20.5,28.9,,,,8.7,4.2,70,18.8,59,72.4,8.1,
236,何咯,2022-09-04,24.3,21,28.4,,.3,.4,4.5,2.7,360,21.8,72,86.8,.2,
236,何咯,2022-09-05,21.9,18.4,25.6,,2.3,10.1,9,4.2,340,21.4,91,97.3,0,
236,何咯,2022-09-06,20.5,16.4,26.5,,2.4,8.7,14.8,6.3,290,17.2,51,83.3,6,
236,何咯,2022-09-07,20.4,15.7,28.5,,,,4.4,2.3,360,17.1,34,84.5,7,
236,何咯,2022-09-08,20.9,13.8,29.2,,,,4.6,2.5,360,15.9,33,76.8,11.2,
236,何咯,2022-09-09,22.1,16.6,29.2,,,,5.4,2.7,360,16.7,41,74.5,8.5,
236,何咯,2022-09-10,21.6,16.8,26.6,,,,6,3.4,20,16.3,50,73.4,5,
236,何咯,2022-09-11,23,18.5,28.8,,0,0,5.6,3.1,360,18.4,52,76.6,6.9,
236,何咯,2022-09-12,23.1,20.3,27,,.4,.9,4.6,2.2,360,21.2,69,89.6,.2,
236,何咯,2022-09-13,24.3,21.9,27,,0,0,6,3.4,360,20.4,66,79.6,.1,
236,何咯,2022-09-14,24.9,20.6,28.5,,.2,.2,9,4.6,70,14.9,39,55,3.2,
236,何咯,2022-09-15,25.6,20.8,30.4,,,,6.5,3.5,90,19.2,54,68.5,8.2,
236,何咯,2022-09-16,26.2,21.5,31.9,,.1,.1,6.9,4,70,21.7,57,77.6,4.8,
236,何咯,2022-09-17,27.1,23,32.7,,,,5.8,3.5,340,22.5,50,78,10.2,
236,何咯,2022-09-18,27.6,23.8,32.6,,0,0,9.3,3.5,340,22.7,58,75.5,3.1,
236,何咯,2022-09-19,24.9,17.6,30.6,,,,10.2,5,340,18.4,56,68.1,8.2,
236,何咯,2022-09-20,18.9,14.5,24.3,,,,6.7,3.7,20,12.6,42,69.9,6.7,
236,何咯,2022-09-21,18,11.7,25.1,,,,6.8,3.6,20,12,36,72.3,11.4,
236,何咯,2022-09-22,17.3,11.5,23.7,,,,3.4,1.8,50,12,39,73.9,7.3,
236,何咯,2022-09-23,16.2,10.7,24.3,,0,0,10.3,5.3,320,12.2,48,79.6,8,
236,何咯,2022-09-24,16.5,9.4,24.5,,,,8.7,3.2,340,10.9,35,73.5,9.5,
236,何咯,2022-09-25,18.3,13.9,24.6,,,,4,2.3,360,12.9,37,74.3,2.5,
236,何咯,2022-09-26,18.5,14.4,26.4,,,,5,2.4,360,13.2,36,74.6,5.2,
236,何咯,2022-09-27,18.4,11,27.2,,,,4.9,2.6,360,12.7,40,73.8,10.9,
236,何咯,2022-09-28,18.1,13.2,25,,,,3.9,2.4,230,14.9,58,83.6,4.7,
236,何咯,2022-09-29,17.6,13.8,26,,,,3.8,1.9,180,14.4,41,85,6.7,
236,何咯,2022-09-30,18.5,11.7,29,,,,4.3,2.2,270,14.1,14,81.4,8.1,
236,何咯,2022-10-01,19.5,12.5,27.6,,,,3,1.8,200,15.3,42,79.9,6.5,
236,何咯,2022-10-02,21.8,16.9,27.9,,1.2,1.4,4.4,2.5,140,15.9,44,72.6,3.2,
236,何咯,2022-10-03,23.3,19.3,26.3,,2.5,8.4,8,4.5,180,21.5,78,90.5,0,
236,何咯,2022-10-04,19.6,15.4,23.6,,5.7,15.1,11.6,5.7,290,16.3,62,81.9,2.7,
236,何咯,2022-10-05,16,12.3,20.8,,,,5.1,2.8,320,10.3,43,70.9,7.6,
236,何咯,2022-10-06,16.1,13.5,20.9,,,,4.5,2.6,270,12.6,51,80.9,2.9,
236,何咯,2022-10-07,15.1,9.9,20.6,,0,0,6.2,3.3,,9.3,45,70.6,9.2,
236,何咯,2022-10-08,15.4,8.8,22.3,,,,,,,9.1,38,69,10.3,
236,何咯,2022-10-09,13.1,11.3,16.2,,1,4.2,,,,11.3,62,89.8,0,
236,何咯,2022-10-10,11.4,9.1,14.9,,1,1.7,,,,7,45,76.4,4,
236,何咯,2022-10-11,12.4,7.6,19,,0,0,,,,8,47,77.4,10.4,
236,何咯,2022-10-12,11.4,5.3,20,,,,,,,8.3,49,84.6,7.9,
236,何咯,2022-10-13,14.4,7.4,22.6,,,,,,,10.6,48,80.8,10.3,
236,何咯,2022-10-14,15.8,10,22.7,,,,,,,12.1,48,80.5,7.6,
236,何咯,2022-10-15,17.7,11.8,25.1,,,,,,,13.5,40,79,7.2,
236,何咯,2022-10-16,17.2,14.2,22.4,,,,,,,14.2,63,84.3,.9,
236,何咯,2022-10-17,12.7,6,16.7,,,,,,,3.2,26,56.1,9,
236,何咯,2022-10-18,7.8,2,15.8,,,,,,,1.7,30,72,8.1,
236,何咯,2022-10-19,7.9,.5,17.9,,,,7.5,4,20,3.2,36,78,8.9,
236,何咯,2022-10-20,10.2,1.5,20.4,,,,5.5,2.3,20,4.5,36,73.4,9.9,
236,何咯,2022-10-21,11,4.6,17.2,,,,3.2,2.4,230,8.2,51,84.8,2.5,
236,何咯,2022-10-22,13.6,7.2,21.8,,,,5.6,2.9,360,10.3,45,84,8.2,
236,何咯,2022-10-23,12.6,5.8,19.8,,,,9.2,4.2,320,7.1,41,73.4,7,
236,何咯,2022-10-24,9.5,3.4,15.9,,,,9.1,4.7,340,1.9,24,64,9.4,
236,何咯,2022-10-25,8.7,1.7,16.9,,,,5.3,2.7,20,3.4,37,73.5,10,
236,何咯,2022-10-26,10.4,2.7,18.5,,,,4.5,2.2,20,5.2,36,74.9,6.3,
236,何咯,2022-10-27,12,5.3,21,,,,4.7,2.6,360,6.5,37,74.6,9.8,
236,何咯,2022-10-28,11.1,5.7,20.1,,,,4,2.1,250,7,39,82.3,7,
236,何咯,2022-10-29,11.8,5.1,20.6,,,,4.2,2.3,250,8.2,34,82.5,7.9,
236,何咯,2022-10-30,12,6.2,21.1,,,,4.7,2.6,20,8.2,41,81,7.5,
236,何咯,2022-10-31,12.8,7.2,20.6,,,,4,2.4,290,8.6,42,79.5,8.6,
236,何咯,2022-11-01,12.4,7,20.2,,,,6,2.9,320,9.3,49,84.1,6,
236,何咯,2022-11-02,9.9,4,19.3,,,,3.8,2.5,270,3.9,19,73.1,7.6,
236,何咯,2022-11-03,9.2,1.8,16.7,,,,5.5,2.6,340,2.8,32,67.9,1.9,
236,何咯,2022-11-04,5.8,-.1,11.9,,,,8.8,4.8,360,-2.8,21,59.6,9.6,
236,何咯,2022-11-05,5.3,-2.6,14.9,,,,5.6,3.2,250,-.2,33,72.8,9.6,
236,何咯,2022-11-06,7.1,.2,16.4,,,,4.6,2.5,270,3,43,78.5,7.7,
236,何咯,2022-11-07,8.7,.3,17.7,,,,3.1,1.7,270,3.6,28,74.6,7.6,
236,何咯,2022-11-08,10.8,4.7,19.2,,,,5.2,2.4,230,7.1,48,80.6,7.2,
236,何咯,2022-11-09,10.2,6.2,16.8,,,,3.8,1.8,320,7.7,51,87.1,3.8,
236,何咯,2022-11-10,10.7,3.9,20,,,,4.3,2.1,320,6.5,40,79.3,7.9,
236,何咯,2022-11-11,13.3,6.4,22.4,,,,3.9,1.9,270,7.6,36,72.9,8.9,
236,何咯,2022-11-12,16.5,7.4,24.1,,,,9,4.7,180,12.4,51,78.8,2.9,
236,何咯,2022-11-13,11.3,9.4,19.1,,,,6.9,3.5,320,7.6,66,78.4,0,
236,何咯,2022-11-14,9.3,4,15.3,,,,7.3,4.7,290,5.5,48,79.1,4,
236,何咯,2022-11-15,7.1,.7,15.2,,,,7.3,3.9,270,3.9,46,82.8,7.5,
236,何咯,2022-11-16,8,3.5,15.7,,,,5,2.1,290,4.9,40,84.3,5,
236,何咯,2022-11-17,8.3,2.6,16.9,,,,6.5,2.8,50,3.3,39,74.4,8.9,
236,何咯,2022-11-18,9.8,2,18.8,,,,7.1,3.7,50,2.5,24,66,9.2,
236,何咯,2022-11-19,10.7,2,20.3,,,,5.6,2.5,20,3.7,29,67.3,9.2,
236,何咯,2022-11-20,11.8,6.5,19.9,,,,4.9,3.1,340,6.4,28,73.5,4.8,
236,何咯,2022-11-21,10.2,3.6,19.9,,,,5.1,2.9,320,5.6,34,77.5,8.8,
236,何咯,2022-11-22,10.9,6.9,14.2,,,,5.7,3.3,20,8.4,63,85.4,0,
236,何咯,2022-11-23,10.2,2.8,17.1,,,,7.1,4.5,340,4.7,31,71.9,7.4,
236,何咯,2022-11-24,7.1,2.3,15.2,,,,4,2.3,160,3.5,49,80.4,5.7,
236,何咯,2022-11-25,7.5,1.3,17.4,,,,6.3,3.5,230,3.4,32,79.8,6.5,
236,何咯,2022-11-26,8.1,0,15.2,,,,6.9,4.1,360,.9,30,66.8,8.4,
236,何咯,2022-11-27,4.7,-2.4,14.8,,,,5.6,3.6,20,-1.7,25,68,8,
236,何咯,2022-11-28,8.2,.6,12.9,,,,8,3.9,200,6.5,55,89.4,1.2,
236,何咯,2022-11-29,9,2.4,14.9,,,,11.1,4.9,340,1.9,29,64.8,.6,
236,何咯,2022-11-30,-2,-4.4,2.4,,,,9.8,4.7,360,-8.9,47,59.3,5.8,
236,何咯,2022-12-01,-2.3,-6.3,1.5,,,,6.8,2.6,70,-11.9,29,49.3,7.4,
236,何咯,2022-12-02,-1.3,-5.6,4.1,,,,5.8,4,50,-7.5,39,64.9,7.5,
236,何咯,2022-12-03,2.9,-2,7.7,,,,6,2.3,180,-.2,64,80.5,.2,
236,何咯,2022-12-04,-.6,-3.1,4.9,,,,9.5,3.5,360,-12.2,24,43.3,.5,
236,何咯,2022-12-05,-1.8,-6.3,4,,,,7.6,3.8,360,-12.5,19,48.1,6.3,
236,何咯,2022-12-06,-.2,-6.6,5.8,,,,4.1,2.1,180,-3.2,55,81.1,4.1,
236,何咯,2022-12-07,2.5,-2.1,10.4,,,,9,5.5,290,-1.2,41,79.1,1.8,
236,何咯,2022-12-08,2.2,-3.7,10.9,,,,7.1,2.4,200,-1.6,40,79.5,7.5,
236,何咯,2022-12-09,3,-2.8,12.8,,,,5.5,2.9,270,-.4,47,80.9,6.5,
236,何咯,2022-12-10,1.5,-3.6,6.6,,,,4.6,2.3,20,-3.6,37,72.6,2.6,
236,何咯,2022-12-11,1.3,-4.3,9.3,,,,6.7,4.2,340,-5.7,29,63.6,8.7,
236,何咯,2022-12-12,1.1,-5.7,7.2,,,,4.5,2.6,160,-2.5,45,78.9,4.2,
236,何咯,2022-12-13,2.3,-1.2,6.4,,,,12.2,6.5,320,-1.2,44,79.3,1.6,
236,何咯,2022-12-14,-6,-8.9,-1.2,,,,9.9,4.3,360,-9.8,56,75.4,8.7,
236,何咯,2022-12-15,-1.8,-9.3,4.5,,,,7.5,3.9,230,-4.2,62,84.5,4.9,
236,何咯,2022-12-16,-3.2,-6.4,-.4,,,,5.1,3,360,-9.9,36,60.6,4.5,
236,何咯,2022-12-17,-5.8,-10.1,-2.4,,,,6.2,3,360,-8.3,56,82.4,2,
236,何咯,2022-12-18,-7.4,-10.7,-3.1,,,,5.5,2.8,50,-13.3,40,64.1,7.9,
236,何咯,2022-12-19,-5.1,-11.9,.9,,,,6.1,3.8,50,-9.9,46,70.3,7.9,
236,何咯,2022-12-20,-2,-8.3,4.2,,,,5.9,3.1,50,-7,48,70.3,8.3,
236,何咯,2022-12-21,.3,-1.6,2.2,,,,3.5,1.5,270,-.8,69,93,0,
236,何咯,2022-12-22,-3.7,-7.8,.6,,,,12.7,5.2,340,-7.2,52,76.6,2.7,
236,何咯,2022-12-23,-6.4,-8.7,-3.2,,,,13.6,6.9,340,-10.9,55,70.1,3.8,
236,何咯,2022-12-24,-8.2,-12.3,-2.7,,,,4.8,2.8,20,-13.2,47,67.8,8.7,
236,何咯,2022-12-25,-5.4,-12.4,3.7,,,,4.7,2.2,180,-9,47,77.9,8.7,
236,何咯,2022-12-26,-4.3,-9.6,2.5,,,,2.5,1.5,290,-6.8,57,83.6,6.4,
236,何咯,2022-12-27,-2.8,-9.5,5.3,,,,4.9,1.9,180,-6,48,80.3,8.7,
236,何咯,2022-12-28,-2,-6.3,4,,,,5.7,2.9,340,-6.1,44,75.8,6,
236,何咯,2022-12-29,-3.5,-8.3,2.2,,,,4,1.9,200,-6.9,50,78.5,4,
236,何咯,2022-12-30,-.8,-4.7,3.7,,,,3.1,1.9,320,-4.2,57,78.6,2.2,
236,何咯,2022-12-31,-.6,-4.3,6.4,,,,6.3,4.4,160,-5.2,43,73,5.6,
236,何咯,2023-01-01,-1.3,-6.5,6.9,,,,7.1,3.4,360,-7.5,25,68.5,6.7,
236,何咯,2023-01-02,-2.9,-8.2,3.1,,,,6,3.2,340,-10.8,28,57.9,8.8,
236,何咯,2023-01-03,-4.1,-10.3,4.1,,,,5.6,3,320,-9.3,39,69.8,8.8,
236,何咯,2023-01-04,-1.6,-7.9,6.5,,,,6.2,3.6,290,-6.9,37,69.8,8.6,
236,何咯,2023-01-05,-.8,-6.5,6.5,,,,4.5,3,50,-4.5,54,77.6,6.2,
236,何咯,2023-01-06,.7,-4.6,6.3,,,,4.3,2.5,140,-1.6,63,85.9,3.9,
236,何咯,2023-01-07,2.8,-3.5,7.5,,,,9.3,5.6,320,-2.4,44,70.8,7.3,
236,何咯,2023-01-08,-.4,-5.6,7.4,,,,2.6,1.4,200,-3.4,48,82.1,7.8,
236,何咯,2023-01-09,2.2,-3.4,10.1,,,,6.4,3.5,340,-2.1,49,74.9,5.4,
236,何咯,2023-01-10,.3,-5.9,9,,,,4.4,2.6,290,-5,32,70.8,8.4,
236,何咯,2023-01-11,.1,-6,10.4,,,,2.6,1.4,180,-5.1,20,72.1,8.8,
236,何咯,2023-01-12,4.4,-5,15.3,,,,4.8,2.7,50,-1.6,34,68.6,8.9,
236,何咯,2023-01-13,8.5,5.4,12.3,,,,6,2.7,230,8.2,83,99,0,
236,何咯,2023-01-14,7.1,4.7,8.8,,,,4.5,2.5,320,6.8,91,98.5,0,
236,何咯,2023-01-15,.7,-2.2,5,,,,6.5,4.1,320,-2.4,63,80.4,.1,
236,何咯,2023-01-16,-2.7,-6.2,1.9,,,,6.1,3.3,320,-9.2,36,62.1,8.5,
236,何咯,2023-01-17,-2.4,-6.5,3.1,,,,4.2,2.4,360,-7.4,41,70.5,5.2,
236,何咯,2023-01-18,-1,-4.8,4,,,,4.8,2.4,50,-5.1,50,75.5,3.7,
236,何咯,2023-01-19,-.3,-6.2,6.5,,,,6.9,3.7,230,-5,44,72.4,7.2,
236,何咯,2023-01-20,-.3,-7.1,3.9,,,,10.4,5.1,320,-9.3,31,52.5,7.7,
236,何咯,2023-01-21,-3.2,-9.1,3.2,,,,4.7,2.4,50,-9.5,39,63.5,9.3,
236,何咯,2023-01-22,.7,-3.1,4.6,,,,6.1,3.5,50,-6.3,49,59.8,0,
236,何咯,2023-01-23,.8,-4,8.6,,,,8.7,4.3,340,-4.2,41,70.1,5.9,
236,何咯,2023-01-24,-9.8,-12.5,-2.4,,,,13.8,6.9,340,-16.7,41,57.8,7.2,
236,何咯,2023-01-25,-10.8,-16.7,-4.4,,,,4.9,2.3,70,-17.8,30,58.8,9.3,
236,何咯,2023-01-26,-5.4,-11.6,-2.9,,,,5.5,2.9,20,-7.8,66,83.1,.2,
236,何咯,2023-01-27,-6,-11.2,-1,,,,11.6,5.5,340,-12,35,65.6,8.8,
236,何咯,2023-01-28,-6.8,-12.8,-1.4,,,,4.7,2.7,200,-9.3,54,82.4,6.2,
236,何咯,2023-01-29,-1.7,-8.6,5.2,,,,8.8,4.7,230,-6.1,48,74.1,5.4,
236,何咯,2023-01-30,-1.5,-8,6,,,,7.3,3.9,340,-8.9,26,62.6,9.4,
236,何咯,2023-01-31,.3,-8.6,10.4,,,,9.9,5.4,230,-4.2,39,74.6,8.9,
236,何咯,2023-02-01,1.6,-1.8,8.4,,,,10.3,4.7,340,-5.3,32,64.6,7.4,
236,何咯,2023-02-02,-1.4,-5.3,4,,,,5.4,3.1,340,-10.3,26,53.3,6,
236,何咯,2023-02-03,-.8,-5.3,5.2,,,,5.3,2.8,340,-9.7,25,53.4,6.1,
236,何咯,2023-02-04,-1.8,-8.3,6.9,,,,5.1,3.2,290,-6.9,36,71.5,9.4,
236,何咯,2023-02-05,-1,-8,8.4,,,,3.4,1.9,180,-5.4,41,74.9,9.3,
236,何咯,2023-02-06,1.6,-6.8,10.9,,,,7.3,4.2,20,-6.1,16,64.3,6.1,
236,何咯,2023-02-07,2.8,-2.8,11.9,,,,5.3,3.7,20,-3.2,30,68.1,6.1,
236,何咯,2023-02-08,.7,-5.7,10,,,,5.7,3.3,340,-5.8,26,67.3,7.5,
236,何咯,2023-02-09,3.7,-5.3,10.9,,,,6.6,4.3,110,-4.9,21,58.1,4.9,
236,何咯,2023-02-10,4.1,-1.8,10.3,,,,6.7,3.8,20,1.1,53,82.9,5.2,
236,何咯,2023-02-11,.8,-4,7.4,,,,5.2,2.9,20,-1.4,57,86.6,1.5,
236,何咯,2023-02-12,2.6,-4.5,7.6,,,,7.4,3.8,20,-1.1,49,78.6,0,
236,何咯,2023-02-13,6.7,2.1,11.2,,,,6.1,3.3,360,.6,53,65.9,1.1,
236,何咯,2023-02-14,1.4,-3.5,8.3,,,,6.6,3.9,360,-5.8,29,63.1,9.6,
236,何咯,2023-02-15,3.4,-2.6,9,,,,6,3.3,20,-3,44,63.8,3.2,
236,何咯,2023-02-16,2.4,-3.4,7.6,,,,6.9,3.9,250,-2.2,46,73.1,4.4,
236,何咯,2023-02-17,4.1,-3.6,10.9,,,,5.6,3.1,200,-3.1,32,63,4.4,
236,何咯,2023-02-18,6.2,4.2,9,,,,2.3,1.3,250,.1,44,66.9,0,
236,何咯,2023-02-19,3.3,-3.9,8.1,,,,9.8,5.8,320,-2.6,27,69.1,6.3,
236,何咯,2023-02-20,-.6,-5.5,6.2,,,,11.3,6.3,320,-8.9,20,58.4,8.2,
236,何咯,2023-02-21,-1.6,-8.2,5.6,,,,5.3,3,340,-11.6,22,51.5,10,
236,何咯,2023-02-22,1,-7.8,10,,,,7.2,4,270,-6.1,30,62,6.9,
236,何咯,2023-02-23,2.8,-4.5,10.9,,,,6.3,3.1,20,-3.6,29,65.9,9.1,
236,何咯,2023-02-24,2.6,-3.1,10.9,,,,11,5.5,340,-5.1,23,63,9,
236,何咯,2023-02-25,-.7,-6.7,7.4,,,,8,5,340,-8.8,25,59.3,10.3,
236,何咯,2023-02-26,.2,-7.9,10.3,,,,5.5,3.4,180,-7.9,23,59.9,10.3,
236,何咯,2023-02-27,2.1,-7,13.6,,,,4.9,2.6,290,-7.1,19,58.4,10.4,
236,何咯,2023-02-28,3.7,-6.1,13.4,,,,7.9,5.1,250,-.8,43,75.4,10.1,
236,何咯,2023-03-01,6.2,.8,11.6,,,,9.2,4.5,340,-1.2,32,60.5,3.1,
236,何咯,2023-03-02,2.5,-3.6,8.2,,,,8,4.8,340,-11,20,38.8,10.5,
236,何咯,2023-03-03,2.3,-6.9,12.4,,,,8.4,5.2,250,-4.2,29,66.4,10.4,
236,何咯,2023-03-04,5.2,-2.2,15.7,,,,5.2,3,20,-2.2,22,65.9,6.7,
236,何咯,2023-03-05,5.5,-3.1,16.6,,,,6.2,3.8,270,-3.3,24,58.8,10,
236,何咯,2023-03-06,5.5,-3.9,16.5,,,,7.1,4.5,250,-3.2,16,60.3,10.4,
236,何咯,2023-03-07,9.1,.3,19,,,,10.5,5.8,250,2.6,37,67.6,9.1,
236,何咯,2023-03-08,11.7,1.5,20.6,,,,9.7,4.9,180,4,28,64.6,9.8,
236,何咯,2023-03-09,12.2,4.4,19.2,,,,7.2,4.2,250,7.5,44,75,5.3,
236,何咯,2023-03-10,11.1,2.9,23.4,,,,6.2,3.8,230,3.8,21,68.5,8.2,
236,何咯,2023-03-11,13.4,3.6,25.1,,,,7.3,4.1,250,.9,12,52.1,8,
236,何咯,2023-03-12,7.1,1.5,11.3,,,,12.2,6.5,320,.8,37,66.3,.9,
236,何咯,2023-03-13,2.7,-4.8,10.1,,,,8.6,4.2,320,-8.4,21,47.6,11,
236,何咯,2023-03-14,7.4,-3.1,17.8,,,,9.3,4.5,230,-1.4,17,61.3,10.9,
236,何咯,2023-03-15,9.8,.5,19.2,,,,13.9,7.1,340,4,43,69.5,8.2,
236,何咯,2023-03-16,6.3,-.9,12.3,,,,9.9,4,360,-11.1,11,31.6,7.2,
236,何咯,2023-03-17,7,2.5,11.9,,,,5.8,2.6,20,-5,26,43.9,.9,
236,何咯,2023-03-18,8.1,1.7,16.4,,,,8.8,4.7,340,-4.5,18,44.1,8.1,
236,何咯,2023-03-19,6.8,-2.3,16.9,,,,5,2.7,160,-2,23,59.6,11,
236,何咯,2023-03-20,8.3,-.6,18.7,,,,6.9,3.9,250,-.9,23,58.5,9.5,
236,何咯,2023-03-21,12.2,1,23.8,,,,5.9,2.7,110,-.2,20,47.9,10.7,
236,何咯,2023-03-22,16.2,4.3,26.3,,,,8.1,3.9,250,4.8,31,50,7.1,
236,何咯,2023-03-23,14.7,8.8,22.5,,,,6.2,3.2,340,10.3,45,77.5,2.2,
236,何咯,2023-03-24,11,4.8,19,,,,5.2,3.2,160,2.5,30,60.6,7.7,
236,何咯,2023-03-25,10.5,4.9,15.6,,,,6.3,3.5,230,4.4,56,66.9,4.6,
236,何咯,2023-03-26,8.1,1,16.3,,,,9.4,4.9,320,-4,11,50.6,10.4,
236,何咯,2023-03-27,5.5,-3,14.9,,,,7.1,4.1,250,-3.6,22,57.1,11.4,
236,何咯,2023-03-28,6.6,-1.5,16,,,,5.7,3.7,270,-.9,21,64.1,5.7,
236,何咯,2023-03-29,10.4,-.5,21.1,,,,5.7,2.8,230,-.2,17,56.1,10.9,
236,何咯,2023-03-30,12.5,1,23.7,,,,5.8,3,320,-1.9,14,45.3,,
236,何咯,2023-03-31,13.7,1.7,24.7,,,,6.1,3.8,290,-1.5,14,41.1,11.5,
236,何咯,2023-04-01,14.8,3.2,26.1,,,,7.3,4.3,270,1.1,11,47.4,11,
236,何咯,2023-04-02,15.9,5.1,23.7,,,,9.4,5.5,90,-.8,14,38.4,11.6,
236,何咯,2023-04-03,17.4,5.7,24.9,,,,9.4,4.6,90,-1.1,18,31.1,11.2,
236,何咯,2023-04-04,15.6,10.2,23.4,,.9,4.1,10.7,6,160,4.9,23,53.9,2.3,
236,何咯,2023-04-05,12.8,8.9,16.6,,1.1,5.4,8.8,4.8,200,11.5,85,92.1,0,
236,何咯,2023-04-06,9.2,7.6,11,,.3,1.4,5.7,3.3,180,8,82,93.1,0,
236,何咯,2023-04-07,7.8,2.1,15.7,,0,0,8.9,5.3,270,2.5,38,72.6,6.7,
236,何咯,2023-04-08,7.6,-.6,16.5,,,,12,6.3,270,-.9,18,63.1,12,
236,何咯,2023-04-09,8.5,.9,17.9,,,,8.3,5,200,1.3,21,68.9,9.8,
236,何咯,2023-04-10,10.6,.4,20.4,,,,8.4,4.8,200,3.7,32,67.1,11.1,
236,何咯,2023-04-11,14.2,7.5,20.2,,0,,14.5,7.6,200,9.8,52,76.6,.4,
236,何咯,2023-04-12,9.5,2.1,18,,,,8.4,4.9,270,-3.9,10,51,11.4,
236,何咯,2023-04-13,11.6,1.1,23.2,,,,5.9,3.2,270,-1.1,12,49.1,9.8,
236,何咯,2023-04-14,14.3,4.5,22.1,,,,4.3,2.5,140,4.6,21,55.6,4.2,
236,何咯,2023-04-15,12.2,7.6,17.9,,3.8,6.6,6.5,3.4,140,9.3,55,83.6,3.3,
236,何咯,2023-04-16,10.8,5.8,17.3,,0,0,10.6,5.6,50,5.4,28,73.4,4.4,
236,何咯,2023-04-17,12.7,3.9,20.6,,,,5.3,3.2,140,4.2,24,63.5,8.1,
236,何咯,2023-04-18,15.1,13.1,16.8,,1,1.7,6,3.7,20,12.2,43,85.6,0,
236,何咯,2023-04-19,18.9,13.1,26.7,,,,6.8,4.2,20,14.6,45,78.9,9.2,
236,何咯,2023-04-20,19.2,14.7,26.4,,,,6.9,4,230,15.2,50,79.4,5.9,
236,何咯,2023-04-21,18.1,13.5,24.3,,,,7,4.4,340,8.9,25,59,8.4,
236,何咯,2023-04-22,17.2,12.1,22.1,,,,10.1,4.6,70,-.2,16,32.9,7.1,
236,何咯,2023-04-23,16.6,12.7,21.2,,,,5,2.8,360,2.2,20,39.1,1.8,
236,何咯,2023-04-24,14.7,10.7,19.9,,,,8.6,4.2,200,4.3,36,51.1,3.7,
236,何咯,2023-04-25,9.8,6.8,11.8,,.1,.3,6.2,3.8,20,5.7,50,77.3,0,
236,何咯,2023-04-26,8.7,3.6,15.1,,,,8.9,4.9,270,4.3,43,77.8,7.6,
236,何咯,2023-04-27,11,1.2,21.7,,,,6.5,3.5,230,3,22,64,11.3,
236,何咯,2023-04-28,15.3,3.3,22.5,,0,0,6.3,3.3,230,7.7,33,63.5,7,
236,何咯,2023-04-29,13.9,9.9,18.7,,.2,.4,9.7,5.9,270,11,65,83.5,0,
236,何咯,2023-04-30,12.8,4.8,19.8,,,,10.6,6.2,200,6.3,31,68.6,12,
236,何咯,2023-05-01,14.2,6.3,22.1,,,,7.5,3.9,250,4.9,22,63.4,9.4,
236,何咯,2023-05-02,15.9,5.3,25.9,,,,6.4,3.4,250,4.3,20,54,9.6,
236,何咯,2023-05-03,18.1,9.4,25.8,,,,6.8,4,180,9.7,32,60.6,6.2,
236,何咯,2023-05-04,20.3,14.8,26.5,,1.2,2.5,9.2,5.3,140,13.9,48,68.6,4.2,
236,何咯,2023-05-05,19.5,17,21.9,,6.5,18.6,7.8,4.4,140,19.2,87,98.9,0,
236,何咯,2023-05-06,15.6,12.2,20.6,,1.4,6.4,6.1,3.3,360,15.2,93,97.6,0,
236,何咯,2023-05-07,12.3,7.6,15.7,,.2,.6,8.2,3.1,360,8.6,51,79.6,.8,
236,何咯,2023-05-08,13.3,4.8,22.6,,,,7,3.8,340,5.3,23,65.4,,
236,何咯,2023-05-09,14.8,5.2,24.9,,,,6.6,4.1,160,7.8,30,68.1,12.8,
236,何咯,2023-05-10,16.6,8.4,26.1,,,,6.6,3.3,290,9.7,26,69,10.1,
236,何咯,2023-05-11,17.8,8.5,27.2,,,,5.3,3.2,250,7.7,16,59.6,12.5,
236,何咯,2023-05-12,17.1,10.3,24.5,,,,7.5,4.1,200,9.1,27,63.3,4.2,
236,何咯,2023-05-13,18,12.8,24.9,,,,8.3,4.4,290,11.9,41,70.9,11.5,
236,何咯,2023-05-14,16.9,9.1,25.8,,,,7,3.7,230,9.1,28,66.1,12.9,
236,何咯,2023-05-15,18.9,9.2,28.1,,,,5.7,3.4,140,11.6,36,67.4,12.5,
236,何咯,2023-05-16,21.3,13.4,29.9,,,,8.5,4.9,200,12.2,28,61.9,12,
236,何咯,2023-05-17,21.6,13.3,30.2,,,,8.5,4.3,270,13.9,33,66.4,12.8,
236,何咯,2023-05-18,19.2,16.8,22.6,,0,0,7.6,4.6,20,14.6,50,76.3,0,
236,何咯,2023-05-19,20.5,15.8,26,,,,8.5,3.8,70,13.9,48,68,6.9,
236,何咯,2023-05-20,19.2,13.5,26.8,,,,8.8,4.5,200,14.8,53,78,10.9,
236,何咯,2023-05-21,17.7,15.4,22.5,,,,8,5,200,13.3,57,76.8,5.8,
236,何咯,2023-05-22,16.9,14.1,23,,0,0,6.2,3.7,230,12.6,48,77,3.2,
236,何咯,2023-05-23,18.1,11.1,26,,,,7.7,4.4,270,11.6,35,69.5,11.9,
236,何咯,2023-05-24,18.6,11.3,26.5,,.3,.3,5.4,3.2,200,11.1,19,66.9,4.9,
236,何咯,2023-05-25,19.7,13.1,27.6,,,,7.6,4.6,270,10.3,28,59.4,7.9,
236,何咯,2023-05-26,21.1,15.2,26.9,,0,0,5.8,3.6,250,13.5,45,63.5,8.2,
236,何咯,2023-05-27,20.2,18.1,22.8,,.8,1.6,4.4,2.2,360,18.6,71,91.4,.1,
236,何咯,2023-05-28,20.4,18.4,22,,4.6,9.6,10.1,3.7,160,19.7,79,96.1,0,
236,何咯,2023-05-29,20.5,19.2,22.3,,4.2,14.5,4.7,2.4,140,19.4,83,93.8,0,
236,何咯,2023-05-30,22.9,17.6,28,,,,5.6,3.4,360,18.3,52,77,6.4,
236,何咯,2023-05-31,22.4,18.1,28.3,,,,5.3,2.5,20,15.5,41,67.5,9,
236,何咯,2023-06-01,22,18.2,27,,,,4.8,3.4,230,17.7,50,78.1,2.6,
236,何咯,2023-06-02,21.5,16.5,27.3,,0,0,6.7,4.1,290,16.6,48,75.5,10.9,
236,何咯,2023-06-03,21.4,14.9,28.9,,,,8.4,4.6,290,11.4,24,59.5,10.4,
236,何咯,2023-06-04,21.4,15,29.5,,,,7.8,4.8,200,13.6,23,65.5,11,
236,何咯,2023-06-05,21.1,17,26.9,,,,8.3,4.4,270,14.8,40,71.3,9.7,
236,何咯,2023-06-06,20.5,14.6,27.5,,,,6.9,4.4,200,14.9,45,72.6,12.6,
236,何咯,2023-06-07,21.1,16,25.9,,,,5.2,3.1,140,16.6,59,76.9,4.7,
236,何咯,2023-06-08,21.5,18.5,27.1,,.5,.6,9.5,5.1,180,17.2,52,77.9,4.6,
236,何咯,2023-06-09,22.8,18.7,29.3,,.2,.2,5.1,3,200,15.8,35,69,9.5,
236,何咯,2023-06-10,23.1,18.5,30.2,,,,8.9,5.5,110,16.9,40,71.1,5.8,
236,何咯,2023-06-11,23,17.8,28.7,,0,0,6.6,3.6,230,17.8,55,74.3,8.8,
236,何咯,2023-06-12,22.3,16.2,29.4,,,,6.7,3.8,110,16.7,42,73.9,9.1,
236,何咯,2023-06-13,21.9,17.2,28.9,,,,7.2,4,230,16.2,43,73.3,11.4,
236,何咯,2023-06-14,21.3,16.1,28.2,,,,7,3.8,230,15.2,40,72.1,10.1,
236,何咯,2023-06-15,21.3,15.5,28.6,,,,6.3,3.6,160,16,46,74.1,9.4,
236,何咯,2023-06-16,23,15.6,31.2,,,,5.2,3.4,230,16.7,38,71.4,13.2,
236,何咯,2023-06-17,24.4,18.1,31.8,,,,6.1,3.6,230,18.4,41,72.3,10.2,
236,何咯,2023-06-18,24.8,19.1,32.4,,,,6.3,4.1,50,17.3,39,66,11.2,
236,何咯,2023-06-19,25.6,18.1,34.6,,,,5.8,3.3,90,18.1,38,66.4,10.1,
236,何咯,2023-06-20,23.5,19.6,27.3,,.4,.6,5.1,2.9,50,17.5,52,71.3,1.3,
236,何咯,2023-06-21,21.7,19.7,25.2,,.9,1.8,6.4,3.3,290,20,75,91,.4,
236,何咯,2023-06-22,22.3,18.6,27.8,,,,8.3,4.7,270,17.8,55,77.8,7.4,
236,何咯,2023-06-23,24.6,18.7,31.4,,,,5.2,2.6,110,19.2,41,74.5,8.3,
236,何咯,2023-06-24,26,20.2,32.5,,0,0,6.3,3,270,20.6,48,74.4,8,
236,何咯,2023-06-25,26.1,20.5,33.4,,0,0,6.5,4,230,19.7,36,71.1,6.6,
236,何咯,2023-06-26,24.1,21.5,26.7,,5,13.6,8.4,5,200,23,83,93.5,0,
236,何咯,2023-06-27,25.8,22,30.5,,.5,1,10.2,4.9,230,21.7,54,79.3,9.9,
236,何咯,2023-06-28,23.9,20.3,26,,0,0,10.9,6.6,140,21.6,75,87.4,.3,
236,何咯,2023-06-29,24.5,22.8,25.6,,17.6,36.3,8.6,5,140,23.4,86,94,0,
236,何咯,2023-06-30,24.1,22.8,26.7,,1.3,4,7.7,3.7,200,23.2,82,95.4,.2,
236,何咯,2023-07-01,26.4,22.6,32.6,,,,4.9,2.4,360,23.3,54,84.5,7.3,
236,何咯,2023-07-02,26.8,23,32.3,,,,5.1,2.9,20,23.3,58,82.4,4.3,
236,何咯,2023-07-03,27.5,23.4,32.8,,,,5.1,3.3,230,23.6,56,81.5,7.3,
236,何咯,2023-07-04,24.6,23.8,25.7,,8.2,24.4,5.1,3.3,110,24,90,97.1,0,
236,何咯,2023-07-05,24.5,21.6,28.5,,5.1,17.4,8.3,4.4,230,21.2,61,83,4.7,
236,何咯,2023-07-06,25.7,20.1,31.8,,,,6.7,4.2,230,20.2,40,74.6,8.1,
236,何咯,2023-07-07,21.7,19.7,25.5,,10,26.4,7.5,3.7,360,20.6,77,94.3,0,
236,何咯,2023-07-08,24,19.7,30,,.2,.3,5.5,2.7,140,22.3,71,91.3,3.5,
236,何咯,2023-07-09,26.3,23.4,30.1,,0,0,8.7,5,230,24.1,71,88.5,2.4,
236,何咯,2023-07-10,26.9,22.9,31.5,,4.5,6.4,7.3,4.5,230,22.7,57,80,8.3,
236,何咯,2023-07-11,24.2,22.1,26.7,,12.5,36,7.9,4.1,200,23,75,93.6,.2,
236,何咯,2023-07-12,26.3,23.9,30.2,,0,0,5.7,3,200,24.2,73,89.3,2.4,
236,何咯,2023-07-13,25.6,24.4,26.3,,1.2,5.8,7.7,4.5,160,24.8,91,95.8,0,
236,何咯,2023-07-14,25.1,23.9,25.9,,12.8,57.7,12.4,7,200,24.4,89,96,0,
236,何咯,2023-07-15,23.8,22.4,25.9,,7.5,27.8,11.2,5.5,200,23.4,92,98,0,
236,何咯,2023-07-16,24.6,22.5,27.8,,.3,.7,4.1,2.7,140,23.2,76,92.5,.4,
236,何咯,2023-07-17,26.1,23.5,30.8,,2.2,6.7,7.4,3.8,140,24.2,68,90.3,3.9,
236,何咯,2023-07-18,23.6,22.9,25.2,,5.7,20.7,7,3.5,50,23.2,84,97.8,1.3,
236,何咯,2023-07-19,26.2,20.9,32.7,,,,5.1,2.8,340,22.4,53,82.1,11.4,
236,何咯,2023-07-20,26.2,22.1,32,,,,3.5,1.8,140,23,54,85,6.7,
236,何咯,2023-07-21,27.3,22.5,34.3,,,,7.6,3.8,70,23.3,44,82,7.8,
236,何咯,2023-07-22,24.6,22.2,29.3,,1.8,3.3,8.7,5,140,22.6,60,90.4,3.4,
236,何咯,2023-07-23,24.9,23.7,25.9,,7.3,23.4,5.3,2.7,140,24.3,86,97,0,
236,何咯,2023-07-24,26,23.9,30.1,,.5,1.1,5.7,3,140,23.8,66,88.9,2.8,
236,何咯,2023-07-25,25.3,23.3,29.7,,7.4,7.9,7.8,4.2,180,24.1,69,93.8,1.3,
236,何咯,2023-07-26,26,22.5,32.2,,1.6,2.5,10.1,5.1,160,23.4,64,87.4,7.7,
236,何咯,2023-07-27,27.5,22.8,33.3,,,,4.6,2.7,50,23.8,59,82.5,9.4,
236,何咯,2023-07-28,28.3,22.5,34,,,,5.2,3,250,23.9,52,79.3,11.3,
236,何咯,2023-07-29,28.9,24.6,34.4,,.8,1.1,5.9,3,340,24.1,48,78.5,10,
236,何咯,2023-07-30,28.2,24.7,34,,,,5.7,3.4,230,24.2,55,80.6,7.4,
236,何咯,2023-07-31,27.8,24.1,32.6,,,,4.1,2.2,360,24,59,81.1,4.9,
236,何咯,2023-08-01,29.2,23.9,35,,,,4.9,2.6,340,24.5,50,78.3,11.3,
236,何咯,2023-08-02,29.1,25,34.7,,,,5.8,3.1,140,24.6,51,78.8,8.1,
236,何咯,2023-08-03,28.9,23.2,34.6,,,,5.1,2.7,230,23.5,51,75.3,11,
236,何咯,2023-08-04,29.7,24.8,35.5,,,,4.4,2.3,320,24.6,50,76,9.9,
236,何咯,2023-08-05,29.8,25.6,35.2,,,,6,3.7,340,24.2,53,73.9,10.7,
236,何咯,2023-08-06,29.8,24.3,36.2,,2.6,2.8,7.5,4.6,20,24.3,49,74.6,11.6,
236,何咯,2023-08-07,29.6,24.7,35.8,,,,6.2,2.8,20,25,52,78.3,11.2,
236,何咯,2023-08-08,29.7,25.9,35.4,,0,0,9.1,4.3,360,24.8,55,77.1,11.8,
236,何咯,2023-08-09,27.3,24,31.8,,1.5,5.7,8.1,3.8,50,23.3,62,80.4,2.3,
236,何咯,2023-08-10,22.5,21.5,24.1,,10.4,28.3,10.4,5.1,270,21.4,85,94.1,0,
236,何咯,2023-08-11,25.7,22.1,30.1,,2.7,3.3,9,5.3,200,22.9,63,85.8,2.1,
236,何咯,2023-08-12,24.8,21.1,28.5,,2.6,9.8,5.2,2.5,110,22.7,72,88.8,1.6,
236,何咯,2023-08-13,26.7,22.6,31.9,,,,3.7,1.8,110,23.1,55,82.9,6.6,
236,何咯,2023-08-14,27.5,23.4,33.8,,,,6.7,3.3,340,23.7,55,81.5,8.9,
236,何咯,2023-08-15,27.9,23.2,33.5,,,,6.6,4,340,23.8,60,79.9,9.2,
236,何咯,2023-08-16,26.7,23.2,32,,,,6.8,3.9,200,22.6,55,80.1,10.4,
236,何咯,2023-08-17,26.6,21.3,32.6,,,,4.4,2.5,140,22.3,47,79.4,12,
236,何咯,2023-08-18,28,23.3,33.5,,0,0,4.9,2.5,340,23.6,54,78.9,6.4,
236,何咯,2023-08-19,28.5,24.6,32.9,,0,0,4.9,2.7,340,24,58,78,5.2,
236,何咯,2023-08-20,28.1,24,33.9,,,,5.7,2.9,250,23.9,57,79.6,7.3,
236,何咯,2023-08-21,28.4,24.1,33.8,,0,0,6.7,4,160,24.1,55,79.4,8.3,
236,何咯,2023-08-22,26.1,23.8,32.1,,12.4,24.4,7.3,4.4,90,24,63,89.6,3.4,
236,何咯,2023-08-23,25.8,23.9,30.4,,1.2,4.6,7.5,3.8,340,24.4,73,93,.4,
236,何咯,2023-08-24,25.8,23.7,30.2,,1,1.5,5.4,3.1,140,24.2,71,92,1.4,
236,何咯,2023-08-25,25.8,21.5,31.4,,,,6.3,3.9,250,21.9,50,81.5,10,
236,何咯,2023-08-26,24.7,20.6,31,,,,4.7,2.7,320,20.9,50,82.5,7.6,
236,何咯,2023-08-27,25.8,20.9,31,,,,5.3,2.7,340,21.9,56,81,4,
236,何咯,2023-08-28,26,23.5,30.1,,.5,1.2,6.9,3.4,360,22.8,67,83.3,.9,
236,何咯,2023-08-29,24.5,21.6,28.4,,3.2,6.1,7.7,3.8,140,23.2,72,92.8,.1,
236,何咯,2023-08-30,21.7,20,23.5,,1.7,5.7,2.9,1.6,250,21.2,86,97,0,
236,何咯,2023-08-31,22.7,20.2,28.5,,,,5.1,2.2,360,19.9,58,86.3,6.4,
236,何咯,2023-09-01,23.1,17.5,30.3,,,,5.5,2.7,360,18.7,46,79.8,9.6,
236,何咯,2023-09-02,24.5,17.8,31,,0,0,5.4,2.6,50,19.8,49,77.6,8.2,
236,何咯,2023-09-03,27.1,22.1,32.5,,,,3.7,2.2,180,23.1,55,80.6,6.7,
236,何咯,2023-09-04,27.3,23.9,32,,,,4.7,2.6,340,24.2,65,84.6,1.8,
236,何咯,2023-09-05,26.8,23.3,31.4,,,,5.3,2.8,50,22.3,54,77.8,4.9,
236,何咯,2023-09-06,26.4,21.4,32.5,,,,6.1,3.1,20,21.4,52,76.4,10.7,
236,何咯,2023-09-07,24.9,19.9,31.1,,,,7.3,3.9,360,17.7,34,68.1,12,
236,何咯,2023-09-08,23,17.6,30,,,,5.6,3.4,70,16.9,32,72.6,11.9,
236,何咯,2023-09-09,23.2,16.5,30.5,,,,4.9,2.8,180,19.2,50,80.3,9,
236,何咯,2023-09-10,24.2,18.8,30.8,,,,5.6,3.7,270,20.1,44,79.6,8.2,
236,何咯,2023-09-11,24.4,19.4,30.7,,,,3.7,2.3,140,19.5,45,76.5,9.7,
236,何咯,2023-09-12,24,19.1,29.9,,,,3.8,1.8,230,19.9,51,79.9,4.9,
236,何咯,2023-09-13,20.5,19.4,22.3,,4,11.9,6.4,3,340,19.9,83,96.3,0,
236,何咯,2023-09-14,22.5,19.7,26.9,,.4,1.5,5.7,2.5,340,20.7,74,90.3,1.6,
236,何咯,2023-09-15,22.8,21.5,25.4,,4.1,8.9,5,2.7,360,21.9,82,95.4,0,
236,何咯,2023-09-16,23.4,22,27.4,,6.9,21.7,5.3,2.9,20,22.5,76,95.8,1,
236,何咯,2023-09-17,24.7,21.7,28.7,,.5,.5,4.1,2.4,140,22.2,66,87.5,4.4,
236,何咯,2023-09-18,24.1,20.6,29.9,,,,5.1,2.8,230,21.5,57,87.4,5.5,
236,何咯,2023-09-19,22.9,19.7,27.9,,,,2.9,1.6,50,20.6,59,88.1,3,
236,何咯,2023-09-20,21.2,19.8,22.6,,11.3,46.3,8,4.6,340,20.7,93,97.3,0,
236,何咯,2023-09-21,19.3,15.8,22.8,,.1,.4,6.2,2.7,320,17.1,70,88.1,.2,
236,何咯,2023-09-22,18.6,14.1,25.6,,,,5.4,2.4,360,15.1,47,82.8,9.6,
236,何咯,2023-09-23,19.4,13.7,25.8,,,,5.2,3.5,90,16,41,82.6,4.8,
236,何咯,2023-09-24,20.9,16.6,26,,,,7,3.6,360,14.2,42,67.5,9.4,
236,何咯,2023-09-25,21.4,18.3,26.1,,.5,1.2,4.8,2.9,340,17.4,57,79.1,1.3,
236,何咯,2023-09-26,21.5,19.8,23.7,,1.9,7.2,5.8,3.1,140,20.8,88,96,0,
236,何咯,2023-09-27,22.3,19.8,24.8,,.2,.2,6.2,3.5,230,20.1,73,88.6,.2,
236,何咯,2023-09-28,22,16.8,27.9,,,,6.4,3.5,270,18.6,55,83.4,7.1,
236,何咯,2023-09-29,19.3,16.4,25.1,,,,3,1.7,20,15.9,41,83.8,1.2,
236,何咯,2023-09-30,18.4,14.9,24.3,,1.5,2.3,5.8,3.3,50,15.3,56,83.4,5.5,
236,何咯,2023-10-01,17.2,11.6,24,,,,10.1,4.4,340,10.6,29,72.1,10.8,
236,何咯,2023-10-02,15.9,9.5,24.7,,,,6.5,2.8,50,10.5,30,75.8,11,
236,何咯,2023-10-03,15.4,11.3,20.6,,,,4.7,2.1,50,12.8,64,85.6,.9,
236,何咯,2023-10-04,17.7,11.1,24.9,,0,0,7.7,3.3,250,13.3,48,78.5,6.4,
236,何咯,2023-10-05,15.1,9.9,20.5,,,,10,4.3,320,3.9,28,50.6,10.6,
236,何咯,2023-10-06,14.7,8.6,22.1,,,,5.6,3.1,320,7.9,30,68.4,9.2,
236,何咯,2023-10-07,15.6,9.9,20.5,,,,5.4,2.7,20,11.6,50,78.8,2,
236,何咯,2023-10-08,17.5,15.3,21.1,,.1,.1,6.1,3.1,50,12.2,53,71.8,.3,
236,何咯,2023-10-09,17.5,13.3,23.5,,,,5.3,3.1,20,12.8,54,75.6,3.2,
236,何咯,2023-10-10,15.6,11,22.8,,0,0,5.1,2.3,340,12.4,49,84,5.8,
236,何咯,2023-10-11,16,10.6,24.4,,,,4.8,2.6,50,11,37,76.9,8.8,
236,何咯,2023-10-12,16,9.7,24.1,,,,4.6,2.6,360,9.9,31,72,10.5,
236,何咯,2023-10-13,15.8,11.6,23,,,,5.5,2.2,230,11.5,44,78.6,2.2,
236,何咯,2023-10-14,14.7,10.7,22.3,,.6,1.1,7,4.3,270,12,50,86.6,4.8,
236,何咯,2023-10-15,14.6,10.7,22.7,,,,6.5,4.2,270,11.7,48,85.4,5.5,
236,何咯,2023-10-16,13,7,21.3,,,,6,3.9,270,8.1,36,77.5,8.7,
236,何咯,2023-10-17,11.9,4.2,21.6,,,,5.1,2.8,200,7.6,43,79.5,9.3,
236,何咯,2023-10-18,13.1,6.5,23.1,,,,5.4,3.2,140,9.1,32,81.4,7.8,
236,何咯,2023-10-19,14.7,10.3,19.4,,3.7,11.1,4.4,2.3,90,13.8,78,95,0,
236,何咯,2023-10-20,12.4,5.5,17.3,,1.6,1.9,10.5,5.6,290,5.4,34,67.1,8.3,
236,何咯,2023-10-21,9.2,2.6,19.6,,0,0,11.4,7.2,270,4.7,32,78.8,7,
236,何咯,2023-10-22,10.7,3.1,19,,,,5.9,3.6,160,7.1,47,82.1,7.8,
236,何咯,2023-10-23,12.6,7.2,21.2,,,,5.9,3.1,160,9.6,51,85.6,6.2,
236,何咯,2023-10-24,13.6,8,21.8,,,,5.8,2.2,200,10.6,52,85.4,4.5,
236,何咯,2023-10-25,14.7,9.5,22.6,,,,4.8,2.1,140,11.9,53,86,6.3,
236,何咯,2023-10-26,16.5,11.6,22.4,,0,0,5.4,3.4,200,14.2,57,88.3,5.1,
236,何咯,2023-10-27,13.7,8.3,20.9,,,,5,2.8,320,9,41,78.1,9.5,
236,何咯,2023-10-28,12.8,7.6,22,,,,5.6,3.1,160,9.7,41,84.9,5.7,
236,何咯,2023-10-29,13.2,6.6,21.6,,,,4.9,2.5,250,9.2,43,79.6,9.7,
236,何咯,2023-10-30,13.4,7.5,22,,,,3.8,1.8,180,10.8,53,87,8.3,
236,何咯,2023-10-31,14.5,10.5,22,,,,5.8,3.7,200,11.3,34,84.9,6.6,
236,何咯,2023-11-01,18.5,12.7,23.5,,,,9.5,5.2,140,14.7,63,79.5,2.6,
236,何咯,2023-11-02,17.8,12.5,25.7,,,,6.6,4,230,12.7,32,76.6,9.4,
236,何咯,2023-11-03,18.3,11.8,24.2,,,,8,4.4,200,15.8,62,86.6,4.2,
236,何咯,2023-11-04,18.7,16,21.1,,,,5.2,2.8,20,17,78,90.3,0,
236,何咯,2023-11-05,19.4,16.2,25.3,,,,10.1,5.2,110,16.2,50,83,1.5,
236,何咯,2023-11-06,16.1,11.1,20.9,,,,17.4,7.4,270,9.4,40,66.6,3.6,
236,何咯,2023-11-07,8.9,2.6,13.5,,,,9.9,5,320,1.7,32,63.4,9,
236,何咯,2023-11-08,7.4,.6,17.1,,,,3.6,2.2,340,2.2,28,74.3,9.3,
236,何咯,2023-11-09,10.9,3,17.6,,,,5.7,2.5,200,8,60,84,1,
236,何咯,2023-11-10,6.1,.1,11.5,,,,8,4.4,320,-1.9,28,59.8,8.9,
236,何咯,2023-11-11,2.2,-1.9,6.7,,,,4,2.4,270,-3.6,41,66.6,4.6,
236,何咯,2023-11-12,1.9,-1.7,6.8,,,,6.1,3.4,20,-2.1,54,75.5,2.8,
236,何咯,2023-11-13,2.1,-3.8,10,,,,6.8,3.5,290,-2.6,32,76.3,9.4,
236,何咯,2023-11-14,6.2,-1.4,12.5,,,,4.5,2.4,20,1.9,50,76.1,7.1,
236,何咯,2023-11-15,7.8,2.6,14.6,,,,5,2.6,20,3.1,43,75.3,7.9,
236,何咯,2023-11-16,5.3,2.5,7.5,,,,5.2,2.8,110,4.6,82,96,0,
236,何咯,2023-11-17,2.4,-.2,6.8,,,,9.7,4.7,320,.5,47,88,3.5,
236,何咯,2023-11-18,2.7,-3.5,9.2,,,,9.1,5.2,290,-1.5,52,75.6,5.6,
236,何咯,2023-11-19,7.5,-.1,14.9,,,,7.2,3.9,200,3.7,61,78.6,4.1,
236,何咯,2023-11-20,5.1,-.7,14,,,,4.6,1.9,140,.5,32,76.4,9.3,
236,何咯,2023-11-21,4.4,-2.4,14.8,,,,3.4,2.2,140,.4,35,80.3,9.3,
236,何咯,2023-11-22,6.9,-1.8,14.9,,,,4.6,2.9,270,4.5,59,86.6,6.8,
236,何咯,2023-11-23,11.5,6.4,18.1,,,,10.9,5.8,290,5.4,24,70.5,8.2,
236,何咯,2023-11-24,2.3,-1.4,6.4,,,,11,5.8,290,-6.3,38,52.8,7,
236,何咯,2023-11-25,-.6,-5.2,5.5,,,,5.2,2.6,20,-10.7,21,50.5,9.1,
236,何咯,2023-11-26,4.2,-2.4,9.5,,,,4.8,1.8,20,-3.5,29,59.9,4.1,
236,何咯,2023-11-27,6.6,4.3,12.8,,,,10.5,4.8,110,4.8,62,88.8,1.2,
236,何咯,2023-11-28,3.4,-.7,8.2,,,,7.2,4,290,-1.3,38,73.8,6.3,
236,何咯,2023-11-29,3.2,-.5,7.4,,,,10.1,4.9,200,-1.2,54,74,4,
236,何咯,2023-11-30,-.8,-3.9,3.3,,,,7.6,3.9,320,-7.8,43,60.1,7.7,
236,何咯,2023-12-01,-.7,-4,4.5,,,,8.6,4.6,290,-5.9,43,69.3,7.2,
236,何咯,2023-12-02,2.6,-2.4,9.4,,,,6.4,3.4,180,-1.8,44,74.5,1.8,
236,何咯,2023-12-03,1.9,-3.6,8.6,,,,7.2,2.8,160,-3.6,39,69.4,8.9,
236,何咯,2023-12-04,1.2,-5.4,9.5,,,,3.2,1.5,180,-3.2,34,75.9,8.5,
236,何咯,2023-12-05,3.4,-2.6,12.9,,,,4.3,2.3,20,-.8,42,76.5,6.2,
236,何咯,2023-12-06,5.6,-1.2,13,,,,9.2,5.6,270,2.3,57,80.6,.2,
236,何咯,2023-12-07,5.6,-1.4,12.4,,,,9.8,5.3,200,0,44,69.9,7.8,
236,何咯,2023-12-08,9.7,-1.1,19.5,,,,10.8,5.9,200,5.5,50,78,8.4,
236,何咯,2023-12-09,14,7.5,19.8,,,,6.5,3.4,110,11.4,53,85.5,5.1,
236,何咯,2023-12-10,14.1,11.2,19.6,,,,6,3.1,360,11,60,83.5,,
236,何咯,2023-12-11,12.2,10.3,14.3,,,,5.3,2.8,320,10.5,69,90.3,0,
236,何咯,2023-12-12,8.4,6.6,11.2,,,,6.3,3.2,320,4.7,64,78.1,.7,
236,何咯,2023-12-13,9.9,6.7,13.8,,,,5.4,3.3,20,5.1,56,73,3.5,
236,何咯,2023-12-14,10.1,9.2,11.7,,,,6.3,2.9,20,7.5,66,85,0,
236,何咯,2023-12-15,9.7,6.3,12.9,,,,9.1,5.4,270,8.4,82,92.5,0,
236,何咯,2023-12-16,-1,-5.3,6.3,,,,11,6.2,270,-3.4,69,83.8,.4,
236,何咯,2023-12-17,-7.3,-10.4,-3.9,,,,6.8,3.4,320,-11,57,75.3,8.5,
236,何咯,2023-12-18,-5.4,-10,-2.2,,,,5.2,2.4,360,-11.4,46,64,3.3,
236,何咯,2023-12-19,-2.1,-6.2,1,,,,4.2,2,360,-7.6,40,67.9,0,
236,何咯,2023-12-20,-3.8,-8.2,-.4,,,,9.9,4.7,320,-7.6,54,75.5,4.8,
236,何咯,2023-12-21,-8.2,-10.4,-4,,,,8.5,4.4,70,-11.9,53,75.5,6.3,
236,何咯,2023-12-22,-8.6,-13,-4.1,,,,7.9,4,20,-12.6,55,73.9,8.7,
236,何咯,2023-12-23,-5.3,-11.8,.7,,,,4.7,2.7,360,-10.5,45,69,8,
236,何咯,2023-12-24,-2.3,-5.1,1.5,,,,2.2,1.4,180,-3.4,71,91.9,1.5,
236,何咯,2023-12-25,-.9,-2.9,3.3,,,,4,2.2,270,-1.5,66,95.8,1.8,
236,何咯,2023-12-26,.8,-2.6,8,,,,4.6,2.6,200,-.8,58,90.1,3.7,
236,何咯,2023-12-27,1.5,-2.1,8.2,,,,3.3,1.5,270,-.6,58,87.6,5.5,
236,何咯,2023-12-28,.1,-3,5.6,,,,3,1.5,20,-1.1,67,92.4,1.3,
236,何咯,2023-12-29,1.5,-1.9,6.5,,,,3.9,2.5,160,-.4,63,88.6,.1,
236,何咯,2023-12-30,.8,-3.6,3.5,,,,5.3,2.9,20,-.1,76,94,0,
236,何咯,2023-12-31,4.8,2.6,6.9,,,,8.8,4.8,290,2.4,75,85,0,
236,何咯,2024-01-01,3.8,-.7,8.3,,,,4.3,1.9,340,1.4,60,85.5,2.2,
236,何咯,2024-01-02,4.3,2,7.2,,,,5.6,3.4,270,1,57,80.4,.2,
236,何咯,2024-01-03,2.3,-2.2,6.5,,,,7.6,4.5,270,0,65,85.4,.6,
236,何咯,2024-01-04,.4,-5,7.1,,,,6.7,3.6,140,-1.7,55,86.9,6.1,
236,何咯,2024-01-05,4.3,.4,10.7,,,,5.8,3.4,200,2.1,65,87,1.6,
236,何咯,2024-01-06,.8,-5,7.2,,,,6.1,2.7,290,-3.2,41,77.3,8.8,
236,何咯,2024-01-07,-1.3,-6.3,2.7,,,,9.9,5,320,-8.3,41,60.1,7.5,
236,何咯,2024-01-08,-3.7,-9.4,2.4,,,,4.1,2.5,180,-8.4,37,72,8.9,
236,何咯,2024-01-09,1.2,-3.9,6.7,,,,4.3,2.5,110,-2.1,58,79.3,1,
236,何咯,2024-01-10,-.2,-3.6,2.8,,,,4.3,2.3,20,-2.1,67,87.3,6,
236,何咯,2024-01-11,.8,-5.2,5.2,,,,4.8,2.9,110,-1.5,66,85.5,.3,
236,何咯,2024-01-12,2,-3.6,9.2,,,,6.9,3.7,320,-4.4,28,67.6,8.6,
236,何咯,2024-01-13,-.7,-6.6,7.7,,,,4.1,2.6,110,-5.4,35,74.4,8.9,
236,何咯,2024-01-14,1,-5.7,8.8,,,,6.9,3,290,-1.4,59,84.6,3.1,
236,何咯,2024-01-15,-1.3,-5.8,4.7,,,,6.7,3.7,320,-9.3,25,57,9.1,
236,何咯,2024-01-16,-2.5,-8.3,4.7,,,,5.3,2.8,50,-9.3,30,64.4,7.8,
236,何咯,2024-01-17,1.1,-4.2,3,,,,3.9,1.8,290,-1,68,86.6,0,
236,何咯,2024-01-18,5.5,2.8,7.5,,,,5.7,2.9,340,3.8,73,90,.6,
236,何咯,2024-01-19,6.9,5.3,10.8,,,,6.2,3.5,360,1.8,57,70.5,1.8,
236,何咯,2024-01-20,5,2.8,7.2,,,,10.2,4.3,360,2.4,66,84,0,
236,何咯,2024-01-21,3.5,.5,7.6,,,,6.7,3.6,290,.1,62,78.6,.9,
236,何咯,2024-01-22,-4.4,-7,.5,,,,10.4,5.5,290,-9.3,57,68.6,2.8,
236,何咯,2024-01-23,-7,-8.9,-4.5,,,,12.5,6.8,290,-12.5,51,64.6,6,
236,何咯,2024-01-24,-4.9,-9,-1.5,,,,9.8,5.1,290,-11.5,43,60.5,9.1,
236,何咯,2024-01-25,-4.4,-10.4,2.7,,,,5,2.7,320,-10.1,29,68,9.2,
236,何咯,2024-01-26,-2.2,-7.7,4.2,,,,5.1,3.1,160,-5.7,54,78.4,3.8,
236,何咯,2024-01-27,-.3,-6,6.6,,,,4.2,2.6,290,-6,32,70.8,9.2,
236,何咯,2024-01-28,-1.3,-5.7,5.8,,,,6,3.1,270,-5.2,44,77,6.7,
236,何咯,2024-01-29,-1.4,-7,6.1,,,,4.9,2.4,20,-6.1,39,73.5,9.1,
236,何咯,2024-01-30,.4,-6,9.8,,,,5.1,2.8,20,-5.4,21,69.5,9.3,
236,何咯,2024-01-31,5.8,-.6,13.7,,,,5.4,3.2,360,-3.5,24,53.4,5.2,
236,何咯,2024-02-01,4.2,1.2,7.3,,,,5.2,2.6,320,-1.8,45,65.8,.2,
236,何咯,2024-02-02,1.2,-3.1,8.3,,,,5.9,3.8,140,-2.8,40,77.1,7.9,
236,何咯,2024-02-03,4,-3.1,8.1,,,,5.3,2.3,360,1.4,65,83.5,0,
236,何咯,2024-02-04,6.5,.7,11.7,,,,5.7,2.9,360,3.1,57,80.6,5.4,
236,何咯,2024-02-05,4.2,1.6,6.2,,,,7.7,3,340,3.4,84,94.8,0,
236,何咯,2024-02-06,2.6,-1.4,5.9,,,,6.2,3.1,20,.3,65,86,.1,
236,何咯,2024-02-07,1.2,-2.4,6.1,,,,6.1,3.2,340,-4.7,44,66.4,7.6,
236,何咯,2024-02-08,.2,-4.5,6.6,,,,3.6,1.9,180,-3.5,50,78.6,7.4,
236,何咯,2024-02-09,0,-5.4,7.5,,,,7,4.2,270,-4.2,43,76.5,7.9,
236,何咯,2024-02-10,.1,-5.4,8.2,,,,7.6,5.1,270,-3,46,81.3,6,
236,何咯,2024-02-11,.2,-5.7,8.8,,,,8.9,5.3,270,-3.8,35,77.3,4.9,
236,何咯,2024-02-12,1.6,-5.8,11.1,,,,5.2,3.2,110,-3.3,35,74.6,9,
236,何咯,2024-02-13,7.8,-2,16.6,,,,8.9,4.9,230,3.1,49,74.1,7.9,
236,何咯,2024-02-14,11.6,7.3,18,,,,7.6,4.5,230,9.7,68,89.1,1.4,
236,何咯,2024-02-15,5.5,-2.5,12.6,,,,11,5.7,290,2.7,55,83.3,.7,
236,何咯,2024-02-16,1.6,-4.4,9.1,,,,5.9,3.2,160,-2.8,39,75,9.9,
236,何咯,2024-02-17,3.9,-3.9,13.2,,,,6.9,4,160,-.1,43,78.5,8.5,
236,何咯,2024-02-18,4.5,-2.7,9.1,,,,4.9,2.2,50,3.3,67,92.8,0,
236,何咯,2024-02-19,9.3,5.5,13.6,,,,6,4.2,200,8.7,88,96.3,0,
236,何咯,2024-02-20,5.6,3.9,7.4,,,,5.1,2.6,360,4.6,84,93.1,0,
236,何咯,2024-02-21,4.9,3.3,5.9,,,,5.7,2.8,20,4.2,89,96,0,
236,何咯,2024-02-22,2.1,1.2,3.4,,,,6.2,2.7,360,1.3,90,95.5,0,
236,何咯,2024-02-23,3.7,.6,7.7,,,,6.5,3.5,50,-.5,55,75.6,1.2,
236,何咯,2024-02-24,3.2,.7,7.6,,,,6.6,3.6,90,-1.6,48,72.5,.7,
236,何咯,2024-02-25,2.5,-.6,6.2,,,,5.2,2.7,320,1,70,91,0,
236,何咯,2024-02-26,3.4,-2.9,9.4,,,,6.7,2.9,340,-1.3,43,74.6,9.3,
236,何咯,2024-02-27,5.9,1.7,10.8,,,,7.7,4.4,360,-1.8,41,59.3,4.5,
236,何咯,2024-02-28,7,2.5,12,,,,4.6,2.9,20,-.3,43,60.3,2.2,
236,何咯,2024-02-29,5.9,2.7,7.6,,,,7.7,3.7,320,.6,56,69.3,0,
236,何咯,2024-03-01,-1.6,-4.9,2.7,,,,11.6,6.4,320,-12.8,27,43,10,
236,何咯,2024-03-02,-.6,-8.5,5,,,,9.2,4.7,200,-6.8,46,64,9.5,
236,何咯,2024-03-03,5.3,.2,11.6,,,,10.5,5.3,200,1.6,42,79.9,5.5,
236,何咯,2024-03-04,6.8,.1,12.6,,,,6.1,2.2,270,1.2,39,73.1,2.7,
236,何咯,2024-03-05,6.7,5.2,8.9,,,,6.1,2.9,50,3.9,47,83,0,
236,何咯,2024-03-06,7.5,3.4,12.9,,,,7.2,4,340,1.4,45,66.8,5.8,
236,何咯,2024-03-07,3,-2,8.3,,,,8.6,4.8,250,-3,30,69,8.3,
236,何咯,2024-03-08,2.4,-3.1,9.4,,,,14,7.9,290,-6.6,25,57.1,9.9,
236,何咯,2024-03-09,1.3,-5.5,9,,,,6.8,4.3,180,-6.2,25,62,10.9,
236,何咯,2024-03-10,2.7,-5.3,12.7,,,,5.6,3.3,200,-4.6,27,63.4,10.9,
236,何咯,2024-03-11,5.4,-2.9,12.5,,,,7.1,4.1,200,.4,42,72.4,2.5,
236,何咯,2024-03-12,5.4,.9,11.7,,,,8,4.7,320,2.5,63,83.1,1.2,
236,何咯,2024-03-13,4.7,-2.4,13.7,,,,8.7,5.5,140,-1.6,24,70.3,10.8,
236,何咯,2024-03-14,5.5,-1.8,15.7,,,,8,4.9,200,.7,40,74.9,10.8,
236,何咯,2024-03-15,7.6,.7,17.7,,,,7.5,4.5,200,1.4,24,72.4,8.4,
236,何咯,2024-03-16,9.9,-.9,20.3,,,,6.6,3.5,230,-1.1,16,55.1,7.9,
236,何咯,2024-03-17,9.5,5.1,14.3,,,,9.7,5.4,290,.9,33,57,7.6,
236,何咯,2024-03-18,6.7,-2.2,15.7,,,,6.8,4.2,160,-5.7,14,47.6,10,
236,何咯,2024-03-19,7.2,4.5,12.7,,,,12.3,7.2,270,.2,42,61.9,3.2,
236,何咯,2024-03-20,4.7,-1.4,10.1,,,,11.1,5.8,290,-5.4,24,51.3,9.3,
236,何咯,2024-03-21,3.5,-4.2,11.1,,,,7.4,3.9,140,-2.9,36,66,11.3,
236,何咯,2024-03-22,10,-.6,17.6,,,,12.2,6.6,160,3.3,33,67,4.5,
236,何咯,2024-03-23,14.5,7.8,21.9,,,,8.2,4.5,200,4.9,17,60.3,7.9,
236,何咯,2024-03-24,15.1,10.5,20.2,,,,7.4,3.9,90,3.8,31,48.6,2.7,
236,何咯,2024-03-25,10.1,7.6,14.3,,,,6.4,3,20,6.2,56,77.9,0,
236,何咯,2024-03-26,7.7,3,13,,,,7.1,3.2,320,4.6,55,82.5,4.9,
236,何咯,2024-03-27,9.2,2.8,16.6,,,,6.5,2.9,200,5.3,48,79.4,4.9,
236,何咯,2024-03-28,9.3,7.8,10.4,,,,3.8,2.2,360,8.6,81,96,0,
236,何咯,2024-03-29,8.1,3.3,12.8,,,,10.8,6,200,6.5,70,90.5,3,
236,何咯,2024-03-30,8.9,1.7,17.7,,,,7.7,3.1,230,5.2,40,81.5,3.1,
236,何咯,2024-03-31,10,0,19.1,,,,6.5,3.1,340,-.8,17,55.8,10.9,
236,何咯,2024-04-01,11.1,1.6,22,,,,7,4,230,.7,21,55.9,11.7,
236,何咯,2024-04-02,14.5,3.7,22.8,,.2,.4,7,4,270,6.9,30,64.3,7.3,
236,何咯,2024-04-03,13.8,12.5,14.8,,.6,2.4,5.8,2.9,340,13.1,90,95.4,.1,
236,何咯,2024-04-04,13,10.5,16.4,,.7,1.5,3.8,2,250,12.3,85,96.1,0,
236,何咯,2024-04-05,12.4,8.4,18.6,,0,0,6.9,3.8,180,8.4,50,78.3,6,
236,何咯,2024-04-06,11.8,5.8,19.9,,,,4,2.1,230,5.6,31,70.6,5.4,
236,何咯,2024-04-07,14.6,4.8,24.8,,,,6.5,3.8,320,4.3,23,55.8,11.3,
236,何咯,2024-04-08,15.1,6.1,23.5,,,,5.8,3,320,4.2,24,52.3,4.7,
236,何咯,2024-04-09,14.3,6.7,22.6,,,,5.8,3.3,140,7.5,31,67.5,10.2,
236,何咯,2024-04-10,14,8.7,20.1,,,,5.9,2.8,160,8.4,43,70.9,9,
236,何咯,2024-04-11,14.9,10.3,22.5,,,,6.4,3.8,140,9.2,30,72.4,7.2,
236,何咯,2024-04-12,16.9,8.9,25.4,,,,6,3.7,230,10,27,69.1,11.4,
236,何咯,2024-04-13,17.9,8.7,28,,,,6.1,3.6,270,8.4,24,61.3,11.9,
236,何咯,2024-04-14,18.6,8.5,27.7,,,,6.1,2.4,20,8.9,25,59.4,10.6,
236,何咯,2024-04-15,15,12,18.6,,5.8,15.4,7.7,4.3,200,13.2,57,89.6,0,
236,何咯,2024-04-16,13.4,9.3,18.6,,.1,.1,7.6,4.6,200,10.5,58,84.9,8.1,
236,何咯,2024-04-17,15.2,8.9,23.4,,,,6.5,3.6,340,7.9,32,66.3,9.4,
236,何咯,2024-04-18,16,7,26.1,,,,6.1,3.5,180,7.1,21,61.5,11.7,
236,何咯,2024-04-19,16,6.6,25.2,,,,4.8,3.1,180,7.4,30,61.8,10.5,
236,何咯,2024-04-20,13.7,12.8,14.5,,.6,2.1,8.1,5.2,360,12.1,71,90.4,0,
236,何咯,2024-04-21,16,13.8,18.6,,.1,.2,6.1,3.2,360,13.3,70,84.9,0,
236,何咯,2024-04-22,17.4,12.4,22,,,,5.2,3.2,360,11,54,67.1,.9,
236,何咯,2024-04-23,15.8,9.9,21.8,,0,0,6.9,3.9,90,9.6,43,68.9,5.9,
236,何咯,2024-04-24,13,8.3,16.9,,1.6,3.5,8.2,4.7,230,10.7,65,87,4.1,
236,何咯,2024-04-25,14.2,7.1,23.5,,,,4.4,2.2,230,9.9,47,78.4,8,
236,何咯,2024-04-26,16.2,9.5,26.3,,,,6.5,3.7,200,10.4,30,73.9,9.6,
236,何咯,2024-04-27,17.5,7.9,27.4,,,,6.7,3.8,20,8.5,22,63.1,12.6,
236,何咯,2024-04-28,18.3,7.9,28.9,,,,5.5,3.1,250,9.1,26,61.1,10.2,
236,何咯,2024-04-29,17.4,15.2,19.8,,.1,.1,6.2,2.8,20,13,56,76,0,
236,何咯,2024-04-30,15.6,11.1,20.6,,,,5.3,3.5,140,12.2,61,81.5,2.1,
236,何咯,2024-05-01,16,9.9,22.4,,,,7.5,4.1,90,8,32,64.4,10.1,
236,何咯,2024-05-02,15.8,8.7,24.7,,,,6.2,3.1,340,9.4,35,70.3,10.6,
236,何咯,2024-05-03,16.8,6.8,27.3,,,,6.9,3.4,20,7.2,23,60.3,12.7,
236,何咯,2024-05-04,19.5,8.7,27.8,,,,7.3,3.4,140,10.9,24,62.3,10,
236,何咯,2024-05-05,18.4,15.9,20.4,,3.7,9.5,11.3,5.4,140,17.7,69,96.1,0,
236,何咯,2024-05-06,14.7,14,15.9,,.7,1.2,6.6,3.7,200,13.2,83,91.4,0,
236,何咯,2024-05-07,13.5,11.8,16.1,,.7,2.9,6.9,3,180,12.5,80,94.1,0,
236,何咯,2024-05-08,14.8,10.1,21.2,,.3,1.1,6.5,3.3,360,8.3,36,69.4,11.7,
236,何咯,2024-05-09,14.6,7.2,22,,,,7.4,4.8,200,8,32,69.6,12.4,
236,何咯,2024-05-10,16.1,8.1,24.8,,,,7.1,3.7,230,8.4,23,66,12.8,
236,何咯,2024-05-11,17.6,10.1,23.9,,1.8,4.9,11.9,6.6,180,14.4,54,83.8,4.8,
236,何咯,2024-05-12,16.1,10.3,23,,0,0,8.5,4.5,320,9.9,29,70.9,10.4,
236,何咯,2024-05-13,16.4,7.8,25.6,,,,10.1,4.6,290,9.4,24,68.1,13.2,
236,何咯,2024-05-14,16.6,8.2,25.3,,,,5.8,3.4,230,8.8,30,65.6,13.1,
236,何咯,2024-05-15,12.5,7.5,22.3,,1.2,4.7,11.7,5,270,8.9,47,81,6.8,
236,何咯,2024-05-16,14.4,6.7,20.6,,0,0,8.4,4.8,230,7.8,28,69.3,12.7,
236,何咯,2024-05-17,18,11.3,25.5,,,,8,4.7,140,11.3,35,69.1,10.9,
236,何咯,2024-05-18,19,11.6,26.9,,,,5.7,2.9,230,13.4,40,74,12.7,
236,何咯,2024-05-19,20,12.7,28.9,,,,6.9,3.8,250,11.2,19,64.6,12.6,
236,何咯,2024-05-20,18.4,11.2,26.5,,,,5.2,3,160,14,52,77.8,6.1,
236,何咯,2024-05-21,20.5,14.1,27.4,,,,4.8,2.4,110,15.7,44,77.4,8,
236,何咯,2024-05-22,21,16.3,28.5,,,,6.1,3.8,250,16.4,43,77.9,8,
236,何咯,2024-05-23,20.5,15.4,28.8,,,,7.2,4.8,230,14.9,35,75.8,9.5,
236,何咯,2024-05-24,19.2,14,28.1,,,,5.9,4.2,250,15.8,55,82.6,8,
236,何咯,2024-05-25,20.1,16.5,25,,,,5.2,2.4,50,15.1,56,74.8,1.4,
236,何咯,2024-05-26,19.6,13.7,25.8,,8,18.4,8.7,5.1,270,16.7,45,85.8,3.3,
236,何咯,2024-05-27,17.5,12.6,23.4,,,,8.4,4.6,320,11,41,69.6,8.7,
236,何咯,2024-05-28,18.5,11,26.1,,,,7.3,3.7,50,11.7,39,68.8,11,
236,何咯,2024-05-29,19.7,11.8,27.7,,,,5.8,2.9,200,12.3,31,67.3,13.3,
236,何咯,2024-05-30,20.1,14.8,25.5,,,,4.1,2.7,230,13.8,39,68.8,.4,
236,何咯,2024-05-31,20.5,14,26.8,,,,7.5,4.8,230,12.6,34,62.9,13.1,
236,何咯,2024-06-01,19.8,14.6,25.8,,,,9.8,4.9,270,12.9,33,67.5,8.7,
236,何咯,2024-06-02,19,11.7,26.7,,,,6.8,3.9,270,12,37,67.9,10.6,
236,何咯,2024-06-03,20.1,11.3,28.2,,,,5.2,2.6,20,12.4,32,66.8,13.5,
236,何咯,2024-06-04,20.5,14.4,28.4,,,,7.8,4.4,50,13.4,20,70.6,12.8,
236,何咯,2024-06-05,21.4,15.4,28.7,,,,5.6,3.6,270,16.3,42,75.9,6,
236,何咯,2024-06-06,21.2,16.3,29.1,,,,6.4,3.7,110,15.2,37,71.3,10.4,
236,何咯,2024-06-07,21.5,14.3,28,,0,0,5,2.6,200,14.3,42,65.6,7,
236,何咯,2024-06-08,20.8,17.5,26.3,,.4,.7,6.5,3.5,140,17.9,62,85.1,3.4,
236,何咯,2024-06-09,22.5,18.1,29.4,,,,7.3,4.5,230,18,47,78,10.7,
236,何咯,2024-06-10,23.2,17.4,30.4,,,,8.1,5,160,17.4,46,72.5,9.8,
236,何咯,2024-06-11,23.6,18.5,30.8,,,,7.2,4.4,200,17.1,43,69.3,11.5,
236,何咯,2024-06-12,24.1,15.8,32.6,,,,6.3,3.2,250,15,26,61.9,12.6,
236,何咯,2024-06-13,25.1,16,33.8,,,,5.8,3.1,340,14.9,24,58.5,13.5,
236,何咯,2024-06-14,25,17.7,32.3,,,,6.9,4.2,160,16.9,39,63.5,12.2,
236,何咯,2024-06-15,24.1,20.1,28.6,,.5,.5,6.4,3.3,290,19.2,57,75,5.6,
236,何咯,2024-06-16,23.4,18,30.1,,,,8.7,5.1,270,16.4,34,68.5,12.6,
236,何咯,2024-06-17,21.8,15.2,28.4,,,,4.3,2.6,200,15.3,34,70.6,5.4,
236,何咯,2024-06-18,23.2,13.8,33.7,,,,7,3.7,140,16.1,25,68.9,13.5,
236,何咯,2024-06-19,25.3,16.9,35.8,,,,6.2,3.8,250,16.5,27,63.3,10.1,
236,何咯,2024-06-20,24.2,17.2,31.2,,,,6.5,2.9,140,16.3,38,64.5,5.8,
236,何咯,2024-06-21,25.2,17.4,31.6,,0,0,5.6,3,230,17.4,41,64.5,10.8,
236,何咯,2024-06-22,23.1,21.7,24.5,,1.5,5.8,5.4,3.1,70,22,75,94.4,0,
236,何咯,2024-06-23,24.4,21.9,29.2,,.2,.3,7,3.8,200,21.6,64,85.4,3.4,
236,何咯,2024-06-24,24.4,18.8,29.1,,,,7.9,4.4,200,19.5,52,75.3,6.1,
236,何咯,2024-06-25,21.6,15.9,28.7,,,,7.7,4.2,230,16.2,37,75,8,
236,何咯,2024-06-26,23.4,16.8,30.6,,,,10.7,3.3,290,17.2,41,72.3,11.4,
236,何咯,2024-06-27,23.2,17.9,28.6,,,,3.5,2,70,18.3,50,75.9,3,
236,何咯,2024-06-28,24.8,18.5,31.8,,,,5.2,3.1,180,17.6,40,67.3,13.3,
236,何咯,2024-06-29,24.3,20.4,29,,7,26,10.9,5.7,140,21.3,63,84.1,2.5,
236,何咯,2024-06-30,24.4,21.8,28,,1.7,2.3,12.4,6.2,200,22.5,71,89.8,1.7,
236,何咯,2024-07-01,25.3,20.5,31.3,,,,5.2,2.8,230,21.4,58,81,8.7,
236,何咯,2024-07-02,25,21.7,29.3,,11.3,45.1,10.2,5.4,160,23.3,72,91.3,0,
236,何咯,2024-07-03,25.5,22.4,29.1,,1.1,1.4,9.6,4.9,200,22.3,65,83.5,3.2,
236,何咯,2024-07-04,27.3,22.8,32,,1.1,1.1,12.1,5.5,160,23,56,78.8,6.5,
236,何咯,2024-07-05,25.4,22.6,29.6,,0,0,10.8,5.6,200,20.5,53,75.4,8.5,
236,何咯,2024-07-06,27.3,22.5,31.7,,,,9.2,4.8,200,23.6,69,80.9,1,
236,何咯,2024-07-07,25.7,24.2,27.7,,3.3,10,7.2,3.7,200,24.8,85,94.9,0,
236,何咯,2024-07-08,24.7,22.7,26.7,,15.1,22.4,13.2,4.6,110,24.3,91,97,0,
236,何咯,2024-07-09,23.8,22.4,24.6,,7.7,16.6,6,3.4,140,23.2,91,96.4,0,
236,何咯,2024-07-10,23.9,21.7,27.4,,15.5,65.1,13.2,7.9,140,22.2,76,91,.7,
236,何咯,2024-07-11,23.9,21,27.2,,,,3.1,1.9,230,21.8,73,88.9,.7,
236,何咯,2024-07-12,25.5,21.6,31,,.1,.1,5.1,2.6,250,22.1,59,82.6,4.1,
236,何咯,2024-07-13,25.9,21.3,30.8,,,,2.8,1.4,200,22.6,60,84,6.4,
236,何咯,2024-07-14,26.1,23.1,31.7,,1.2,1.5,3.6,2.3,360,22.9,60,83.8,4.4,
236,何咯,2024-07-15,26.8,23.5,31.9,,0,0,2.8,1.6,360,22.8,58,79.9,5.2,
236,何咯,2024-07-16,24.5,22.5,26.5,,23.4,46.3,6.9,3.6,140,23.8,89,96,.3,
236,何咯,2024-07-17,27.2,22.6,31.2,,.2,.3,5,2.6,180,24.2,69,84.6,.3,
236,何咯,2024-07-18,25.9,23.9,27.6,,7.2,10.5,9.5,4.3,200,23.8,78,89.3,0,
236,何咯,2024-07-19,25.1,23.2,28.6,,.4,.6,3.1,1.7,160,23.8,77,93.3,.8,
236,何咯,2024-07-20,26.3,22.6,31.4,,6.4,9.7,6.2,2.9,180,24.1,69,89.1,1.9,
236,何咯,2024-07-21,27.5,23.9,31.5,,1.9,3.3,6.2,3.2,200,24.8,68,86.1,2.3,
236,何咯,2024-07-22,28.8,25.1,31.6,,,,5.9,3.1,180,24.7,69,79.3,3.2,
236,何咯,2024-07-23,26.9,25.3,28.6,,.5,1.4,4.1,2.3,180,25.3,77,91.8,0,
236,何咯,2024-07-24,28.3,25.3,33.2,,.4,1,4.3,2.3,200,25.5,61,86.3,8.6,
236,何咯,2024-07-25,27.9,24.2,34.2,,13.8,14,5.9,3.1,140,24.9,56,85.9,8.1,
236,何咯,2024-07-26,27.8,24.6,33.6,,.7,1,4.9,2.8,140,25.4,60,88.1,6.5,
236,何咯,2024-07-27,28.6,25.4,33,,.9,1.8,5.4,2.7,140,25.9,65,86,3.7,
236,何咯,2024-07-28,29.2,25.6,33.9,,,,5.2,2.8,180,24.9,59,78.8,9.3,
236,何咯,2024-07-29,28.1,25.9,31.6,,,,5.2,2.9,230,24.5,67,81.8,5.6,
236,何咯,2024-07-30,28.5,25.8,31.9,,,,3.6,2,200,24.5,63,79.8,7.6,
236,何咯,2024-07-31,28.6,25.2,33.3,,,,2.7,1.6,140,25.3,64,83.4,6.3,
236,何咯,2024-08-01,29.4,25.8,33.5,,,,2.5,1.5,230,25.6,65,80.8,5.9,
236,何咯,2024-08-02,29.5,26.3,33.5,,,,3,1.8,230,26.3,67,84,7.8,
236,何咯,2024-08-03,29.9,26.7,34.7,,0,0,2.8,1.6,270,26.3,61,82.8,5.8,
236,何咯,2024-08-04,29.7,25.1,35.5,,,,2.7,1.5,200,25.9,55,81.6,7.4,
236,何咯,2024-08-05,27.7,24.4,34.1,,1.5,2,4.5,2.4,250,25.4,63,88.5,5.9,
236,何咯,2024-08-06,27.8,23.7,33.6,,3.5,3.9,3,1.7,50,25,58,86.1,8.4,
236,何咯,2024-08-07,28.9,25.1,34.6,,,,2.7,1.7,140,25.3,57,82.1,7.9,
236,何咯,2024-08-08,26.3,24.2,29,,.3,.3,3.6,1.6,230,24.7,74,91.4,0,
236,何咯,2024-08-09,28.1,24.3,33.9,,,,2.6,1.5,90,24.4,51,83.5,7.3,
236,何咯,2024-08-10,28.8,24.9,34.5,,,,2.4,1.3,250,24.6,54,80,6,
236,何咯,2024-08-11,29.3,24.4,34.6,,,,2.6,1.7,140,24.2,50,76.8,11.8,
236,何咯,2024-08-12,29.4,24.9,35.5,,,,2.5,1.4,140,25.2,50,80,7.7,
236,何咯,2024-08-13,29.5,25.5,35.3,,.3,.3,5.5,2.8,360,24.2,51,75.5,9.9,
236,何咯,2024-08-14,29.2,24.5,35,,,,2.7,1.5,340,23.4,46,73.8,11.6,
236,何咯,2024-08-15,28.5,24.5,34.7,,,,3.8,2,50,23.9,54,77.4,8.7,
236,何咯,2024-08-16,28.6,23.8,34.8,,,,3.7,2.2,70,23.8,47,77.6,9.6,
236,何咯,2024-08-17,28.7,24.4,34.5,,.8,1,5.4,3.4,90,24.3,48,79.4,8.4,
236,何咯,2024-08-18,27.6,24.2,34,,0,0,4.7,2.7,200,24.4,55,84.1,5.1,
236,何咯,2024-08-19,29,23.6,34.6,,0,0,2.5,1.6,200,24.2,51,77.4,9.9,
236,何咯,2024-08-20,29.9,26,35.7,,3.3,8.8,6.1,2.9,160,25.7,55,80.1,8,
236,何咯,2024-08-21,28.9,27,32.4,,.8,1,5,3.2,140,26.1,71,85.6,1.6,
236,何咯,2024-08-22,27.3,24.3,31.2,,3.7,5.1,5.2,2.9,200,25.4,73,90.1,4,
236,何咯,2024-08-23,27.5,23.2,32.6,,,,3.5,2,250,24.5,60,85.5,8.2,
236,何咯,2024-08-24,27.3,23.2,32.8,,1.6,2.2,3.6,2,230,24.3,57,85.8,6.2,
236,何咯,2024-08-25,27.2,23.8,32.5,,0,0,2.3,1.4,140,24.8,61,88.1,4.1,
236,何咯,2024-08-26,27.5,24.3,32.4,,,,3.2,1.7,270,24.7,59,86.5,2.9,
236,何咯,2024-08-27,26.3,24.4,28.4,,.1,.2,3.2,1.8,340,23.9,79,87.4,0,
236,何咯,2024-08-28,27.2,22.4,32.4,,,,4.2,2.3,70,21.1,55,70.5,12.5,
236,何咯,2024-08-29,28.3,23.3,33.9,,,,4.8,1.9,50,21.3,52,66.9,11.7,
236,何咯,2024-08-30,27.7,22.1,34.1,,,,3.8,2.2,320,21.8,50,72,11.1,
236,何咯,2024-08-31,26.3,20.6,32.4,,,,4.7,1.5,250,21.8,50,79,11,
236,何咯,2024-09-01,26.3,22.3,32,,,,3.3,1.8,230,22.2,52,80.1,8.6,
236,何咯,2024-09-02,23.9,21.6,26.5,,.2,.5,2.4,1.3,20,21.8,60,89,0,
236,何咯,2024-09-03,26.9,22.1,31.6,,,,3,1.7,360,21.1,52,72.1,4.5,
236,何咯,2024-09-04,26.6,21,33,,,,3.1,1.4,20,19.8,43,68.6,11.9,
236,何咯,2024-09-05,25.8,21.6,31.6,,0,0,4,2.3,230,22.9,58,85.5,6.5,
236,何咯,2024-09-06,25.2,24,27.8,,3.4,4.1,3,1.9,110,23.8,74,92.4,0,
236,何咯,2024-09-07,26.1,22.3,32.2,,,,3.1,1.6,200,22.7,56,83.5,7.3,
236,何咯,2024-09-08,25.5,20.8,32.6,,,,2.3,1.3,160,21.7,41,82.5,8.2,
236,何咯,2024-09-09,27.8,22.4,34.4,,,,2.6,1.4,320,23,51,77.4,9,
236,何咯,2024-09-10,29.1,23.7,35.5,,,,2.5,1.4,340,23,42,73,11,
236,何咯,2024-09-11,26.9,24.2,34.1,,2,4.1,4.7,2.6,20,24.4,58,87.1,1,
236,何咯,2024-09-12,26.3,24.7,30.4,,.8,.8,2.7,1.5,110,25,74,93.3,.2,
236,何咯,2024-09-13,27.2,24,32.9,,,,3.8,2,200,24.2,59,85.3,5.5,
236,何咯,2024-09-14,28.6,24.8,33.9,,,,3,1.7,200,24.3,51,79.3,9,
236,何咯,2024-09-15,29.7,24.1,35.3,,,,3.7,2,50,23.9,51,73.4,10.2,
236,何咯,2024-09-16,28.3,24.5,32.5,,,,3,1.7,360,23.2,57,74.6,3.5,
236,何咯,2024-09-17,29.5,24.9,35.6,,0,0,3.1,2,320,24.9,55,78,8.5,
236,何咯,2024-09-18,27.9,24.1,34.8,,2,3.1,6.2,4,360,24.6,59,83.9,6.6,
236,何咯,2024-09-19,28.4,24,34.8,,,,2,1.1,180,24.6,49,82,4.2,
236,何咯,2024-09-20,25.9,24.3,27.5,,6.8,12.1,4.4,2.4,140,25.1,88,95.8,0,
236,何咯,2024-09-21,22.8,20.4,26.7,,17.7,49,4.9,3.1,340,22.1,87,95.9,0,
236,何咯,2024-09-22,22.2,18.2,27,,,,5.2,2.2,320,17.5,63,75.4,7.1,
236,何咯,2024-09-23,21,16.7,26.7,,,,3.9,2.4,360,14.3,46,67.5,10.7,
236,何咯,2024-09-24,20.6,15.5,27.4,,,,4,1.9,360,14.4,43,69.5,10.1,
236,何咯,2024-09-25,22.6,18.4,28.4,,,,2.7,1.5,340,18.1,49,77.6,6.2,
236,何咯,2024-09-26,23.2,19.4,29.1,,,,3.5,1.9,230,19.8,56,83.4,6.7,
236,何咯,2024-09-27,22.4,17.5,28.8,,,,3,1.5,360,18.2,43,79.9,8.4,
236,何咯,2024-09-28,23.8,19.1,29.5,,,,4.9,2.2,70,17.9,50,71.1,10.5,
236,何咯,2024-09-29,22.7,17.6,28.5,,,,3.7,1.9,70,17.1,48,73,10.5,
236,何咯,2024-09-30,20.9,16.1,28,,,,3.6,1.7,20,15.2,41,72.6,10.9,
236,何咯,2024-10-01,17.5,14.1,20.7,,.5,.7,4.9,2.3,290,13.7,57,79.8,.3,
236,何咯,2024-10-02,14.1,9.8,20.6,,,,4.7,2,320,6.6,28,65.6,8,
236,何咯,2024-10-03,12.4,8.9,15.8,,.3,.9,4.9,2.9,340,10.3,68,87.3,.4,
236,何咯,2024-10-04,14.8,8.5,23.1,,,,4.3,1.9,340,10.9,40,81.1,7.9,
236,何咯,2024-10-05,16,9.5,23.6,,,,3.3,1.7,340,11.9,44,79.6,9.9,
236,何咯,2024-10-06,16.2,12.7,18.9,,.1,.1,3.1,1.6,50,14.4,76,89.9,0,
236,何咯,2024-10-07,16.7,14.3,20.1,,.3,1.2,2.7,1.1,250,15.1,70,91.1,.8,
236,何咯,2024-10-08,17.1,13.4,23.8,,,,2.6,1.4,360,14,48,84.8,5.8,
236,何咯,2024-10-09,17.3,11,23.9,,,,3.9,2.1,360,13.1,47,79.1,9.6,
236,何咯,2024-10-10,16.4,11.5,23.3,,0,0,3.4,2.2,200,13.7,54,85.6,5.8,
236,何咯,2024-10-11,16.6,11.4,24.6,,,,2.8,1.1,360,12.9,47,82.6,7.4,
236,何咯,2024-10-12,16.5,10.5,25.1,,,,2.7,1.5,20,12.2,40,80.1,8.7,
236,何咯,2024-10-13,16.6,9.7,23.5,,,,2.5,1.4,360,13.4,47,83.5,5.5,
236,何咯,2024-10-14,17.1,15.1,18.8,,.7,3.2,4.2,2.7,360,16.5,86,96.3,0,
236,何咯,2024-10-15,18.6,16.9,20.9,,5.4,16,3.4,2.3,50,18.1,89,98,0,
236,何咯,2024-10-16,18.2,14.5,22.9,,,,3.8,1.8,360,16.6,67,91.8,3,
236,何咯,2024-10-17,18.5,14,25.3,,,,3.6,1.8,20,15.1,51,82.9,6.6,
236,何咯,2024-10-18,19.6,15.4,23.2,,5.8,9.9,4.1,1.6,50,18.9,80,96,0,
236,何咯,2024-10-19,17.7,14.4,23,,.1,.2,5.1,2.4,320,15.1,68,85.4,.1,
236,何咯,2024-10-20,13.2,9,17.9,,,,7.2,4.1,70,6.1,45,63.9,9.9,
236,何咯,2024-10-21,14.1,7.2,20,,.1,.2,4.2,2,50,11.1,62,83.8,1,
236,何咯,2024-10-22,16.9,15.2,18.6,,.9,2,6.9,3.6,360,16.6,89,98.3,0,
236,何咯,2024-10-23,13.8,7.3,18.5,,.1,.1,6.8,3.8,270,8.9,49,74.4,4,
236,何咯,2024-10-24,11.4,5.4,19.7,,,,4.2,2.1,20,7.5,39,81.1,8.6,
236,何咯,2024-10-25,14.8,9.2,21.7,,,,4.7,2.6,360,10.5,50,76.8,7.3,
236,何咯,2024-10-26,16,9.3,24.5,,,,3.9,2.2,140,12.1,42,81.8,9.8,
236,何咯,2024-10-27,14.9,11.4,18.7,,.3,.4,1.9,1.1,90,13.7,77,93.6,.1,
236,何咯,2024-10-28,15.1,11.2,18.9,,,,3.8,1.9,70,11.9,68,82.4,1.2,
236,何咯,2024-10-29,14.8,10.9,19.8,,,,3.5,1.9,360,10.3,51,75.9,1.6,
236,何咯,2024-10-30,14.2,8.7,22.1,,,,3.2,1.5,20,10.3,49,80.9,8,
236,何咯,2024-10-31,14.2,7.3,22.9,,,,3.1,1.4,360,9.7,36,79.1,8.7,
236,何咯,2024-11-01,14,11,15.5,,,,5.1,3.2,340,11.4,69,85.6,0,
236,何咯,2024-11-02,17.1,12.3,24,,,,5.8,2.7,20,12,47,74.4,6.3,
236,何咯,2024-11-03,14.8,9.1,23.4,,,,3.5,1.8,270,11.8,49,85.3,7.5,
236,何咯,2024-11-04,14.5,8.4,22.3,,,,5.7,2.7,290,9.1,27,75,6.8,
236,何咯,2024-11-05,9,3.6,16,,,,4.8,2.9,320,2.8,37,68.5,7.7,
236,何咯,2024-11-06,6.5,.6,14.7,,,,4.8,2.5,290,.5,30,71.4,9.6,
236,何咯,2024-11-07,6.5,-1.2,16.7,,,,3,1.3,200,.6,19,72.9,9.6,
236,何咯,2024-11-08,8.8,1.3,18.6,,,,2.8,1.6,250,4.5,42,78.3,8.9,
236,何咯,2024-11-09,11.2,3.9,19.5,,,,3.6,1.8,340,7.7,51,81.9,7.9,
236,何咯,2024-11-10,12.7,7.8,21.3,,,,2.8,1.3,270,9.2,40,82.6,5.3,
236,何咯,2024-11-11,11.9,4.8,21.7,,,,3.2,1.4,20,7.9,35,81.3,9.1,
236,何咯,2024-11-12,13,7.3,20.6,,,,3.4,2,290,7.9,34,76.8,8.5,
236,何咯,2024-11-13,11.5,4.1,21,,,,2.1,1.2,180,8.1,42,82.9,7.7,
236,何咯,2024-11-14,13,8,19.1,,,,2,1.1,50,10.7,54,87.8,1.1,
236,何咯,2024-11-15,14.7,10.4,20.7,,,,4.7,2.7,20,11.9,53,85.3,5.5,
236,何咯,2024-11-16,16.2,9.9,23,,,,3.9,2.1,200,12.6,46,82,7.2,
236,何咯,2024-11-17,9.9,4.1,15.4,,,,8.7,3.5,320,1.3,38,56.3,.6,
236,何咯,2024-11-18,3.8,-1.5,9,,,,6.9,2.8,320,-10.1,19,39.6,9.4,
236,何咯,2024-11-19,4,-3.1,12.3,,,,3.1,1.3,200,-2,35,67.4,5.1,
236,何咯,2024-11-20,5.6,-1.3,12.6,,,,3.2,1.4,290,1.5,43,78.3,5,
236,何咯,2024-11-21,8.4,3.8,16,,,,4,2.1,250,5.5,49,84.9,4.3,
236,何咯,2024-11-22,6.3,-.4,13.5,,,,4.8,2.7,320,0,35,67.8,9.1,
236,何咯,2024-11-23,4.2,-2.2,12.7,,,,3.9,2,20,-1.8,35,69,8.6,
236,何咯,2024-11-24,4.8,-1.4,14.1,,,,2.6,1.4,160,.1,36,75.6,9.1,
236,何咯,2024-11-25,9.4,.1,17.5,,,,3.9,2.3,90,3.8,41,72.1,7.2,
236,何咯,2024-11-26,8.4,5,12.1,,,,8.4,4.5,270,2.7,40,69.6,2.5,
236,何咯,2024-11-27,4.9,1.6,7.8,,,,12.7,5.9,270,-3.5,38,56.1,1.7,
236,何咯,2024-11-28,4.8,2,10.2,,,,10.8,5.3,270,.5,38,76.3,1.5,
236,何咯,2024-11-29,2.5,-.2,4.4,,,,3.2,1.8,200,1.2,74,91.5,1.3,
236,何咯,2024-11-30,2.6,-1.9,10.3,,,,1.4,.7,140,1.8,68,95.1,1.5,
236,何咯,2024-12-01,5.2,-.5,11.5,,,,1.5,1.1,20,4.2,72,94.3,.1,
236,何咯,2024-12-02,6.9,1.9,16.6,,,,5.5,3,290,4,62,83.6,5.2,
236,何咯,2024-12-03,1.5,-2,7.3,,,,5.6,2.9,320,-5.3,22,64.5,6.7,
236,何咯,2024-12-04,3.1,.1,9,,,,5,2.5,20,-3.5,34,64.6,8.4,
236,何咯,2024-12-05,4,-1.2,11.3,,,,6.5,3.6,200,1,38,82.6,3.4,
236,何咯,2024-12-06,3.4,-1.5,9.4,,,,7.4,4,290,-1.1,32,77.1,5.3,
236,何咯,2024-12-07,1,-3.5,6.1,,,,4.5,2.5,290,-2.6,53,78.5,1.5,
236,何咯,2024-12-08,-.3,-4.4,5.8,,,,5.4,2.8,290,-4.9,29,75.9,8.2,
236,何咯,2024-12-09,.9,-5.3,5.2,,,,3.1,1.8,250,-2.8,60,77.5,2.1,
236,何咯,2024-12-10,3.1,-1.6,9.2,,,,4.6,2.5,320,-1.9,40,72,8.3,
236,何咯,2024-12-11,1.9,-2.6,9.2,,,,4,1.9,290,-2.7,36,74.9,5.3,
236,何咯,2024-12-12,0,-5.8,7.2,,,,3.7,1.9,340,-5.9,26,68.6,6,
236,何咯,2024-12-13,-.8,-3.9,3.9,,,,4,1.7,110,-3.3,50,84.3,.1,
236,何咯,2024-12-14,-1,-6.4,5.3,,,,5.9,3.1,270,-4.2,45,80.9,5.1,
236,何咯,2024-12-15,1.4,-1.2,4.3,,,,3,1.4,70,-.3,60,89.6,.7,
236,何咯,2024-12-16,2.1,-1.8,6.8,,,,4.9,2.8,250,-1.3,51,79.6,4.1,
236,何咯,2024-12-17,1.2,-2.5,6.7,,,,4,2.1,340,-3,43,75.8,7.4,
236,何咯,2024-12-18,-1.6,-6.3,2.6,,,,5.6,3.1,320,-7.7,44,64.1,7.4,
236,何咯,2024-12-19,-3,-8.9,5,,,,3,1.6,90,-8.3,32,71.3,8.4,
236,何咯,2024-12-20,-1.1,-5,2.7,,,,1.9,1.2,90,-4.2,54,80.6,.2,
236,何咯,2024-12-21,.4,-1.7,2.9,,,,7,3.1,290,-2.2,62,84.4,1.2,
236,何咯,2024-12-22,-2.1,-6.3,3.3,,,,6,2.9,320,-8.1,38,65.6,8.7,
236,何咯,2024-12-23,-1.9,-7.4,6.6,,,,3.2,2,110,-3.9,58,87.1,3.9,
236,何咯,2024-12-24,-.7,-5.8,6.4,,,,2.8,1.4,160,-4.1,47,80.1,8.7,
236,何咯,2024-12-25,2,-3.5,8.7,,,,3.5,2.2,110,-1.6,49,78.3,5.2,
236,何咯,2024-12-26,1.5,-1.7,6.1,,,,7.1,4.1,290,-3.6,45,70.8,7.6,
236,何咯,2024-12-27,-.3,-3.4,3.3,,,,3.7,2,200,-6,48,66.8,5.9,
236,何咯,2024-12-28,-1.1,-5.8,1.4,,,,5.6,2.6,290,-5,58,75.4,4.9,
236,何咯,2024-12-29,1.7,-2.3,7.4,,,,5,2.4,140,-1.5,48,80.4,4.3,
236,何咯,2024-12-30,4.6,-.7,11.2,,,,5,2.6,200,.8,49,77.6,1.6,
236,何咯,2024-12-31,1.8,-4.7,6.6,,,,5.1,3.2,290,-6.6,27,56.8,8.8,
236,何咯,2025-01-01,.1,-6.3,10.2,,,,4.2,2.6,270,-4.1,39,76.4,8.7,
236,何咯,2025-01-02,-.4,-5.8,8.4,,,,4.4,2.3,160,-7.4,20,67.1,8.7,
236,何咯,2025-01-03,-.7,-5.6,5.3,,,,5,3.1,270,-6.6,30,67.9,7.4,
236,何咯,2025-01-04,-1.4,-5.9,5.6,,,,2.7,1.6,230,-4.6,43,81.1,5.7,
236,何咯,2025-01-05,.6,-5,5.2,,,,2.6,1.2,140,-.4,86,93.8,0,
236,何咯,2025-01-06,1.6,-1.4,5.6,,,,7.9,4.1,290,-1.9,53,80.3,1.7,
236,何咯,2025-01-07,-2.2,-6.5,2,,,,3.9,2.4,270,-4.5,56,85.1,5.2,
236,何咯,2025-01-08,-2.4,-5,.8,,,,5.7,2.7,320,-3.6,75,91.5,.4,
236,何咯,2025-01-09,-8.3,-13.2,-3.4,,,,10.1,4.4,320,-13.6,47,66.8,5.3,
236,何咯,2025-01-10,-7.4,-15,-.5,,,,4.1,2.2,360,-11.8,49,72.1,8.8,
236,何咯,2025-01-11,-3.2,-5.7,.3,,,,3.5,2,200,-6.7,59,77.1,4,
236,何咯,2025-01-12,-2.7,-8.7,3.8,,,,3.5,2.2,140,-5.3,45,83.5,7.7,
236,何咯,2025-01-13,-.6,-7.2,5.7,,,,4.5,2.4,200,-3.5,54,81.9,4.8,
236,何咯,2025-01-14,3.4,-1.2,9.9,,,,5.5,3.3,270,-2.6,35,67.3,7.2,
236,何咯,2025-01-15,-1.6,-6.2,2.8,,,,6.9,3.5,320,-10.2,34,53.5,8.6,
236,何咯,2025-01-16,.6,-6,6.4,,,,5.7,3.5,270,-5.3,41,66.3,5.6,
236,何咯,2025-01-17,-.3,-5.7,6.6,,,,3.2,1.7,160,-6,26,68.3,9,
236,何咯,2025-01-18,-1.3,-7.9,7.8,,,,2.5,1.3,250,-7.9,17,68.1,7.1,
236,何咯,2025-01-19,-.3,-6.7,8.9,,,,2.5,1.4,110,-3.8,48,79.6,2.9,
236,何咯,2025-01-20,.4,-3.9,8.9,,,,3.9,2.1,270,-2.3,45,84.1,4.7,
236,何咯,2025-01-21,-.2,-6.1,8.7,,,,3,1.8,140,-2.8,51,84.4,7.4,
236,何咯,2025-01-22,1.6,-4.7,9.3,,,,3.2,1.9,200,-1.1,57,84.1,3.2,
236,何咯,2025-01-23,1.4,-4.9,10.4,,,,3.2,1.6,290,-6.6,21,63,8.8,
236,何咯,2025-01-24,1.1,-6.3,10.6,,,,4.9,2.3,20,-7.6,21,57.8,9.3,
236,何咯,2025-01-25,4.9,-4.3,11.9,,,,5.7,3.2,90,-3.6,38,55.5,7.1,
236,何咯,2025-01-26,4.3,.4,8,,,,5.4,2.6,90,-3.4,39,58.8,2.4,
236,何咯,2025-01-27,.3,-2.5,3.4,,,,8.2,4.4,270,-2.6,45,82.3,2.2,
236,何咯,2025-01-28,-1.4,-2.6,1.1,,,,7.5,4.3,270,-2.4,59,92.9,1.6,
236,何咯,2025-01-29,-3.9,-10,.2,,,,7,3.7,270,-6.1,59,85.5,3.4,
236,何咯,2025-01-30,-3.8,-10.8,2.3,,,,1.5,.8,160,-6.4,57,83.9,7.1,
236,何咯,2025-01-31,-.1,-7.2,6.6,,,,2,1.2,200,-2.6,57,84.1,1.5,
236,何咯,2025-02-01,2.9,-.8,8.1,,,,5.2,3.2,360,1,67,87.9,2.9,
236,何咯,2025-02-02,1.8,-4,8.7,,,,4,1.9,200,-1.8,44,79.4,6.3,
236,何咯,2025-02-03,-1.2,-4.8,1.9,,,,8.7,4.7,290,-9.1,32,56.6,8.2,
236,何咯,2025-02-04,-5.4,-7.8,-2.4,,,,8.9,4.6,290,-12.5,43,58.3,6.6,
236,何咯,2025-02-05,-6.2,-10.8,-1.9,,,,7.4,3.2,320,-11.7,41,67.5,8.7,
236,何咯,2025-02-06,-4.6,-11,1.3,,,,6,3.5,200,-8,43,79.3,8.5,
236,何咯,2025-02-07,-5.8,-9.3,-.7,,,,11.8,5.4,290,-9.9,50,73.6,3.2,
236,何咯,2025-02-08,-6.2,-13.2,-.9,,,,5.8,3.1,290,-11.3,46,69.6,9.2,
236,何咯,2025-02-09,-4.5,-10.5,1.4,,,,4.7,2.4,180,-7.6,56,79.9,5.6,
236,何咯,2025-02-10,-3.4,-8.6,3.4,,,,4.8,2.5,180,-6.4,48,81.1,5.6,
236,何咯,2025-02-11,-.9,-8.6,8.4,,,,4,2.1,200,-7,19,68.3,9.6,
236,何咯,2025-02-12,1,-.8,4.7,,,,8.2,4.1,20,-1.8,52,83.4,0,
236,何咯,2025-02-13,-.3,-7.1,7,,,,6.4,3.4,200,-6.9,35,64.4,9.8,
236,何咯,2025-02-14,1.2,-5.8,10.2,,,,5.7,3.3,200,-2.5,42,79.8,9.7,
236,何咯,2025-02-15,.7,-5.5,8.1,,,,2.4,1.3,160,-2.4,43,81.6,1.1,
236,何咯,2025-02-16,3.5,-2.5,10.9,,,,5.6,2.9,230,.1,55,80.1,7.1,
236,何咯,2025-02-17,1.3,-2.9,6.4,,,,10.6,4.7,290,-10.2,24,43.6,9.9,
236,何咯,2025-02-18,-1,-7.3,4.7,,,,8.9,4.3,290,-10.4,29,51.8,9.6,
236,何咯,2025-02-19,-2.6,-8.4,3.4,,,,6.6,4,320,-11.2,25,55.5,10,
236,何咯,2025-02-20,-2.8,-8.9,4,,,,6.7,3.8,320,-10.9,25,58.8,10,
236,何咯,2025-02-21,-2.2,-8.5,4.3,,,,6.1,3.3,290,-10.5,24,56.3,9.9,
236,何咯,2025-02-22,-1.7,-8.4,4.4,,,,5.6,2.9,320,-7.9,31,66.9,10.1,
236,何咯,2025-02-23,-3.1,-8.3,1.9,,,,11.5,6,290,-10,35,62.1,7.2,
236,何咯,2025-02-24,-1.9,-8.6,6.4,,,,5.9,3.7,270,-10.2,26,57.1,10,
236,何咯,2025-02-25,.1,-7.9,6.8,,,,5.8,3.1,200,-3.8,51,76.5,5.6,
236,何咯,2025-02-26,3.4,-3.5,11.4,,,,6.3,3.4,270,-5.8,15,60.6,10,
236,何咯,2025-02-27,4.3,-6.9,15.3,,,,3.5,1.7,270,-9,11,46.5,10,
236,何咯,2025-02-28,7.6,2.3,15.7,,,,3.7,1.8,160,2.4,45,71,5.8,
236,何咯,2025-03-01,4.9,-1.5,8.6,,,,5.4,2.6,20,4.4,87,96.8,.4,
236,何咯,2025-03-02,9.9,5.5,15.2,,,,4.9,2.7,20,8.3,70,90.8,0,
236,何咯,2025-03-03,4.6,1.7,7.6,,,,8.9,4.6,70,-.7,52,70,2.8,
236,何咯,2025-03-04,3.9,1.7,6.6,,,,8.7,3.8,70,-.8,57,71.3,1.6,
236,何咯,2025-03-05,5.2,3.3,7.7,,,,3.9,2,360,.6,63,72.9,0,
236,何咯,2025-03-06,4.2,-1.6,11.2,,,,5.7,3.2,290,-2.4,31,66,9.9,
236,何咯,2025-03-07,3.6,-3.7,11.7,,,,4.8,2.5,250,-3.7,27,63.6,9.3,
236,何咯,2025-03-08,4.4,-.1,11,,,,4.7,2.7,200,-.7,42,71.4,4,
236,何咯,2025-03-09,5.1,-2.5,14,,,,4.3,2,20,-.5,33,72.5,10.2,
236,何咯,2025-03-10,5.9,-1.5,15.4,,,,4.1,2.3,230,-1,23,68,10.5,
236,何咯,2025-03-11,7.9,-1.6,17.4,,,,3.4,1.7,250,-.1,21,64.1,10.6,
236,何咯,2025-03-12,7.5,1.8,15.4,,,,4.9,2.8,200,4,47,80.5,3.3,
236,何咯,2025-03-13,9.3,1.8,17.5,,,,7.5,3.2,20,-2.5,15,54.6,7.3,
236,何咯,2025-03-14,12.4,1.6,20.8,,,,4.9,2.3,360,-3.3,19,37,10.5,
236,何咯,2025-03-15,10.1,5.6,14.3,,,,6.9,4.1,90,.8,39,53.6,5.2,
236,何咯,2025-03-16,4.6,1.2,8,,,,11,6,270,-3.8,28,56.9,4.2,
236,何咯,2025-03-17,3.1,-2.8,8.6,,,,6.1,3.6,270,-8.3,21,46,10.8,
236,何咯,2025-03-18,1.6,-.6,4.4,,,,8,4.2,270,-2.9,53,72.6,2.8,
236,何咯,2025-03-19,1.5,-4.9,7.9,,,,5.2,3,250,-5.4,30,64.8,11.1,
236,何咯,2025-03-20,5.4,-3.7,14.4,,,,5.8,3.1,200,1.5,51,77.5,10,
236,何咯,2025-03-21,9.7,1.9,18.9,,,,5.8,3.4,200,4,37,71.6,11,
236,何咯,2025-03-22,11.1,1.2,21.7,,,,6.4,3.9,200,4,27,67.9,10.8,
236,何咯,2025-03-23,12.4,2.1,25.2,,,,5.2,2.5,250,4.1,22,63,9,
236,何咯,2025-03-24,14,8.1,19.9,,,,6.8,4.3,200,7.8,49,67.9,8.8,
236,何咯,2025-03-25,13.4,5.9,25,,,,10.5,6.2,200,5.7,23,63.9,7.9,
236,何咯,2025-03-26,16.3,1.8,27.8,,,,5.4,3.2,160,2.9,11,48.8,10.7,
236,何咯,2025-03-27,14.4,5.9,20.5,,,,6.3,3.5,320,9.8,47,75.3,0,
236,何咯,2025-03-28,7,2.9,12.5,,,,8.2,4.4,290,-4.2,17,48.3,9.6,
236,何咯,2025-03-29,2.6,-2.7,9.3,,,,10.2,5.8,290,-5.6,19,58.6,7.4,
236,何咯,2025-03-30,3.1,-4.5,9.7,,,,7.1,3.7,250,-4.7,27,60.4,10,
236,何咯,2025-03-31,6,-1.1,14,,,,6.2,2.7,200,-.7,24,66.5,9.4,
236,何咯,2025-04-01,8.3,1.3,18,,,,5.4,3.1,270,-.1,18,63.5,8.2,
236,何咯,2025-04-02,7.5,-.5,16.8,,,,6.2,3.3,250,.7,18,67.4,7.4,
