지점,지점명,일시,평균기온(°C),최저기온(°C),최고기온(°C),강수 계속시간(hr),10분 최다 강수량(mm),1시간 최다강수량(mm),최대 순간 풍속(m/s),최대 풍속(m/s),최다풍향(16방위),평균 이슬점온도(°C),최소 상대습도(%),평균 상대습도(%),합계 일조시간(hr),1시간 최다일사량(MJ/m2)
238,금산,2022-01-06,-2.3,-7.7,5.4,,,,5.4,3,270,-10.3,24,59.1,9.1,
238,금산,2022-01-07,-3.9,-10.7,6.6,,,,4.4,2.3,340,-11.3,13,61.9,9.2,
238,금산,2022-01-08,-1.1,-10.1,6.3,,,,5.8,2.8,340,-7.3,34,65,8.7,
238,금산,2022-01-09,.7,-4.4,6.8,,,,5.1,2.7,270,-3.1,52,77.1,3,
238,금산,2022-01-10,-.1,-7.2,8,,,,5.8,2.8,290,-5.9,26,69,5.3,
238,금산,2022-01-11,-3.4,-7.1,1,,,,9.7,5,290,-10.4,36,60.1,8.4,
238,금산,2022-01-12,-5.6,-11.9,.3,,,,7.4,3.4,290,-12.9,33,59.4,8.8,
238,금산,2022-01-13,-5.1,-9,-.7,,,,11,5.8,290,-11.8,35,60.6,6.9,
238,금산,2022-01-14,-5.6,-12.8,2.5,,,,5.2,2.4,270,-13.3,25,59,9.2,
238,금산,2022-01-15,-.7,-7.9,6.3,,,,3.2,1.8,270,-8.3,26,60.3,3.8,
238,금산,2022-01-16,.2,-6.5,4.6,,,,8.7,3.9,290,-6.5,35,63.4,7.1,
238,금산,2022-01-17,-3.2,-9.1,2.6,,,,11,5.4,290,-8.8,48,66.4,4.4,
238,금산,2022-01-18,-5.9,-12.1,1.7,,,,5.9,2.6,270,-14.7,22,54.5,9.4,
238,금산,2022-01-19,-4.1,-12.6,5.7,,,,9.6,5,290,-9.9,34,65.9,6.6,
238,금산,2022-01-20,-4.8,-10.9,3.3,,,,4.8,3,270,-10.9,34,65.5,9.1,
238,금산,2022-01-21,-4.2,-12.8,6.8,,,,2.7,1.3,270,-11.7,14,61.6,9.3,
238,금산,2022-01-22,2.6,-5.5,9.7,,,,2.7,1.2,50,-4.2,36,62.8,1.5,
238,금산,2022-01-23,3.2,-2.3,9.7,,,,5.1,2.5,270,-2.1,43,70.8,2.4,
238,금산,2022-01-24,2.6,-4.9,7.9,,,,6,3.4,110,-3.8,47,65,1.9,
238,금산,2022-01-25,2.8,1.1,4.4,,,,3.7,1.5,110,.2,57,83.6,0,
238,금산,2022-01-26,1.9,-1.6,6.3,,,,6,2.9,290,-3.4,47,69,3,
238,금산,2022-01-27,-.8,-6.1,6.4,,,,5.7,3,270,-7.3,25,65.1,9.1,
238,금산,2022-01-28,-2.2,-8.5,4.2,,,,7,3.1,290,-9.9,30,59.4,9.2,
238,금산,2022-01-29,-1.8,-6.1,3.5,,,,6.1,3.5,290,-11.5,26,50.3,8.6,
238,금산,2022-01-30,-2.7,-8.9,4.2,,,,6.3,3.4,290,-12.4,21,50.6,9.6,
238,금산,2022-01-31,-2.2,-11.1,5.7,,,,5.1,2.7,290,-9.9,23,59.4,9.7,
238,금산,2022-02-01,-.1,-3.6,1.9,,,,9.9,4.8,290,-5.3,53,68.4,1.5,
238,금산,2022-02-02,-.6,-4.4,4.1,,,,8.4,3.6,320,-8.7,33,55.8,6.8,
238,금산,2022-02-03,-1.9,-6.5,3.6,,,,6.3,3.2,290,-11.6,25,50.4,9.5,
238,금산,2022-02-04,-3,-6.7,2.1,,,,10,5,290,-10.4,34,58,5.4,
238,금산,2022-02-05,-4.4,-8.3,.2,,,,10.6,4.9,290,-10.6,36,63.6,7.4,
238,금산,2022-02-06,-4.2,-11,1.9,,,,9.2,3.8,290,-8.8,51,71.5,3.4,
238,금산,2022-02-07,-3.2,-10.4,1.4,,,,4.8,2.4,290,-11.9,28,55.9,2.4,
238,금산,2022-02-08,-1.9,-8.7,6,,,,6.5,3.5,290,-8.7,39,61.1,6.9,
238,금산,2022-02-09,-.2,-9.5,8.9,,,,5,2.4,270,-9.5,22,55.1,9,
238,금산,2022-02-10,1.5,-4.1,8.3,,,,6.5,3.6,270,-9.1,24,48.1,9.3,
238,금산,2022-02-11,.2,-8.1,10,,,,5.6,3.1,360,-10,16,52.3,9.5,
238,금산,2022-02-12,2.2,-5.1,12,,,,4.2,2.5,270,-8.9,17,48.3,9.8,
238,금산,2022-02-13,2.8,-3.7,11.5,,,,4.9,2.8,230,-5.2,31,58.3,5.9,
238,금산,2022-02-14,2.4,-5.5,11.6,,,,10.2,4.9,270,-4.4,24,66.1,8.8,
238,금산,2022-02-15,-2.6,-6,.5,,,,8.9,4.5,290,-8.9,44,62.1,2.3,
238,금산,2022-02-16,-5.5,-7.5,-1.5,,,,10.8,5.4,290,-11.6,37,63.3,4.8,
238,금산,2022-02-17,-5.7,-9.4,.5,,,,6.8,3.2,290,-15.2,25,49.4,10.2,
238,금산,2022-02-18,-2.7,-13,7.4,,,,4.5,2.8,270,-13.6,14,49.8,9.9,
238,금산,2022-02-19,.3,-3.8,4.6,,,,8.9,5.2,290,-8.9,25,51.4,2,
238,금산,2022-02-20,-3.7,-6.6,1.1,,,,11.4,5.2,290,-14.7,17,46,10,
238,금산,2022-02-21,-2.1,-10.6,5,,,,11.7,5.2,270,-10.2,33,56.6,7.3,
238,금산,2022-02-22,-2,-5.8,2.7,,,,9,4,290,-11.9,26,48.3,9.1,
238,금산,2022-02-23,-4.7,-9.4,1.7,,,,7.5,3.8,290,-16,20,43.1,9.5,
238,금산,2022-02-24,-3.4,-12.4,4.7,,,,8.6,4.4,290,-12.5,25,52.9,10.6,
238,금산,2022-02-25,1.3,-9.2,9.7,,,,7.8,4.1,290,-5.4,32,64.6,9.3,
238,금산,2022-02-26,5,-3.4,12.4,,,,13,6,250,-3.1,22,61.3,8.6,
238,금산,2022-02-27,3.6,-3.5,10.7,,,,8.5,3.6,270,-7.2,18,50.9,10.7,
238,금산,2022-02-28,4.4,-5.1,14.6,,,,3.4,2,270,-7.4,16,50.5,7.3,
238,금산,2022-03-01,5.8,1.6,12.7,,,,8.4,4.2,270,1.8,51,76.5,2.6,
238,금산,2022-03-02,2.4,-5,9.4,,,,7.9,4.3,270,-5.2,27,61.8,10.8,
238,금산,2022-03-03,4.4,-3.2,13.2,,,,7.3,3.7,270,-5.1,16,56.4,10.5,
238,금산,2022-03-04,7.5,-3.5,16.8,,,,14.9,5.7,250,-2.4,27,53.6,6.6,
238,금산,2022-03-05,3.6,-.8,9.2,,,,13.9,6.5,290,-9.3,21,41,10.7,
238,금산,2022-03-06,1.5,-4.9,8.6,,,,9,3.8,290,-11.2,14,43.1,10.8,
238,금산,2022-03-07,2.6,-5.5,11.5,,,,5.2,2.5,290,-10,13,45.5,9.8,
238,금산,2022-03-08,4.2,-5.1,14.5,,,,7,3,290,-5.2,25,54,10.5,
238,금산,2022-03-09,5.7,-3.4,16.7,,,,6.2,3,70,-5.1,16,53.9,10.6,
238,금산,2022-03-10,7.1,-3,18,,,,6.9,3.6,290,-5.3,13,48.6,9.8,
238,금산,2022-03-11,9,-.4,18.5,,,,4,2.2,140,2.5,41,65.1,1.8,
238,금산,2022-03-12,13.9,4.3,20.7,,,,10.2,3.6,250,7.4,48,67.9,2.7,
238,금산,2022-03-13,14.8,12.9,17.4,,,,8.4,4.2,160,13.1,55,90.8,0,
238,금산,2022-03-14,11.7,6.5,17.4,,,,12.5,5.7,270,9.7,71,88.4,1.4,
238,금산,2022-03-15,9,.9,18.3,,,,7.4,3.2,110,2.4,22,68.6,10.2,
238,금산,2022-03-16,10.4,.4,20.4,,,,5.3,2.7,270,2,22,63.6,9.1,
238,금산,2022-03-17,8.4,6.3,9.9,,,,7.8,3.8,110,5.9,69,84.9,0,
238,금산,2022-03-18,6.1,4.2,7.9,,,,6.6,3.5,110,3.2,68,82.1,0,
238,금산,2022-03-19,3.4,1.7,5.4,,,,6.3,2.7,290,1.8,73,90.4,.2,
238,금산,2022-03-20,3.5,.1,8.6,,,,6.7,3,270,0,51,79.8,1.3,
238,금산,2022-03-21,5.5,-2.2,12.8,,,,5.1,2.6,320,-4.5,21,55,8.3,
238,금산,2022-03-22,6.1,-.8,12.8,,,,6.8,3.6,270,-5.1,25,48.6,9.7,
238,금산,2022-03-23,4.5,.5,10.3,,,,7.2,3.9,290,-1.9,37,65.6,1.2,
238,금산,2022-03-24,7.7,-2.1,16,,,,5.9,3.3,270,1.3,38,68,,
238,금산,2022-03-25,11.8,2.8,20.1,,,,5.3,2.8,110,5.9,30,72.3,4.3,
238,금산,2022-03-26,10.9,7.4,16.1,,,,12.1,4.9,270,9,77,88.5,0,
238,금산,2022-03-27,7.2,1.1,15.6,,,,9.9,4.6,290,-1.2,28,62.4,8.5,
238,금산,2022-03-28,5.6,-2.7,14.9,,,,6,3.4,110,-4.1,22,54.9,10.9,
238,금산,2022-03-29,8.1,-1.4,18.7,,,,5.6,3,290,-.6,24,59.9,11.4,
238,금산,2022-03-30,11,1,19.6,,,,7.5,3.7,290,6.9,51,77.6,1.1,
238,금산,2022-03-31,10.9,7.8,13.9,,,,6.5,3.1,340,6.1,55,74,.4,
238,금산,2022-04-01,8.3,1.4,14.6,,,,5.6,2.9,250,-1.4,23,56,10.4,
238,금산,2022-04-02,6.3,-1.4,14.9,,,,7.5,3.9,290,-4.3,17,54,11.6,
238,금산,2022-04-03,7.6,-2.1,16.9,,,,6,3,270,-3.9,13,52.6,11.8,
238,금산,2022-04-04,8.9,-.8,18.4,,,,7.1,3.4,290,-2.6,14,52,11.9,
238,금산,2022-04-05,8.7,-1.1,17.7,,,,7,3.7,290,-4.8,10,46.9,8.9,
238,금산,2022-04-06,11.1,1.3,20.1,,,,5.9,3.4,290,.2,20,51.1,11.2,
238,금산,2022-04-07,10.2,4.9,17.4,,1.1,3.5,8.7,3.7,290,1.4,30,59.4,8.3,
238,금산,2022-04-08,11.4,-.3,22.5,,,,6.5,3.2,270,-.7,19,49.1,12.1,
238,금산,2022-04-09,16.1,5.3,25.9,,,,7.9,4.3,290,4.6,27,50.9,11.3,
238,금산,2022-04-10,16.4,5.8,26.2,,,,5.6,3,320,4.7,18,52.4,8.9,
238,금산,2022-04-11,18.3,8.3,26.7,,,,4.5,2.5,70,10.1,34,62.6,9.2,
238,금산,2022-04-12,19,9.9,27.5,,,,7,3.8,270,11.7,33,68.3,11,
238,금산,2022-04-13,14.1,8.8,20.2,,2.2,4.9,5.7,3.1,110,11.8,67,86.5,0,
238,금산,2022-04-14,10.2,8.3,13.3,,1.2,1.8,5.8,2.8,90,5.9,62,75.5,.1,
238,금산,2022-04-15,11.2,4.9,18.5,,,,8.7,4.3,270,1.9,25,57.6,10.4,
238,금산,2022-04-16,10.6,2.5,18.8,,,,8,3.8,290,.7,20,55.1,12.1,
238,금산,2022-04-17,11.6,.6,20.4,,,,8,3.6,320,-1.1,15,48.9,12.1,
238,금산,2022-04-18,13.3,6.4,22.1,,,,6.6,3.6,290,.3,18,46.8,6.6,
238,금산,2022-04-19,13,3.6,23,,,,9.8,3.9,270,-1,13,45.1,10.8,
238,금산,2022-04-20,13.1,2.7,22.7,,,,7.7,3.9,290,.2,15,48.5,12.3,
238,금산,2022-04-21,11.6,4.5,19.7,,,,7,4,160,3.4,26,61.8,4.2,
238,금산,2022-04-22,15.7,5.8,25.2,,,,11.2,5.5,270,9.3,42,69.5,7.9,
238,금산,2022-04-23,18,12.1,25.6,,,,3.6,2,140,7.9,18,58.6,7.9,
238,금산,2022-04-24,18.2,11.1,26.3,,,,6.9,3.5,270,11.2,32,68,10.3,
238,금산,2022-04-25,18.4,11.6,26.3,,1.4,6.3,3.3,1.8,90,11.4,22,69.5,2.6,
238,금산,2022-04-26,17.1,14.3,21.3,,1.4,7.3,4.1,1.9,290,15.5,72,91.4,.5,
238,금산,2022-04-27,15.7,8,23.3,,,,5.5,2.9,320,4.6,19,53.9,11.8,
238,금산,2022-04-28,15.9,7.4,25.6,,0,0,7.1,3.8,270,7.2,31,60,8,
238,금산,2022-04-29,11.7,8.1,15.8,,.7,2.8,7.1,3.5,90,6.5,48,71.8,1.9,
238,금산,2022-04-30,12,8.1,16.2,,,,6.7,2.9,290,7.1,54,73.3,.9,
238,금산,2022-05-01,11.9,4.7,18.2,,,,9.1,3.9,290,.6,22,52.3,12.2,
238,금산,2022-05-02,12.4,5.9,18.9,,,,9.3,4.1,270,2.2,21,54.6,10.6,
238,금산,2022-05-03,11.8,2,20.9,,,,7.3,3,270,.9,19,55.4,12.9,
238,금산,2022-05-04,14.8,4.1,25.1,,,,6.4,3.9,290,4.7,24,57.9,12.8,
238,금산,2022-05-05,16.4,5.9,25.8,,,,6,3.2,290,8,30,63.1,13.1,
238,금산,2022-05-06,17.5,8.7,25.9,,,,7.5,3.8,290,10.1,38,66.4,12.1,
238,금산,2022-05-07,15.9,9.6,23.1,,,,8.1,3.8,270,8.7,25,65.9,6.9,
238,금산,2022-05-08,15.9,8.5,23,,0,0,5.1,2.5,320,5.8,33,53.9,5.6,
238,금산,2022-05-09,15.2,10.3,22.3,,.3,.8,8.6,3.6,110,7.5,35,64.1,9.1,
238,금산,2022-05-10,17,8.3,25.2,,,,7.2,3.3,290,3.3,18,45.5,9.2,
238,금산,2022-05-11,18.2,12.5,24.3,,,,5,2.4,290,9.3,40,57.9,4.1,
238,금산,2022-05-12,19.4,13.9,25.4,,,,4.3,2.5,270,11.8,44,63.3,1.8,
238,금산,2022-05-13,17.4,14.2,20.7,,0,0,5.1,2.8,270,10.9,48,66.3,.4,
238,금산,2022-05-14,14.1,6.6,21.3,,,,10.6,5,290,1.7,21,47.8,10.4,
238,금산,2022-05-15,13.3,6.1,20.6,,,,8.9,3.7,270,.3,22,45.3,11.2,
238,금산,2022-05-16,14.1,3.5,23,,,,7.6,4,250,2.2,22,49.6,13.3,
238,금산,2022-05-17,17.9,5.9,26.9,,,,8.3,4.2,250,6.2,20,51.6,12.7,
238,금산,2022-05-18,21.1,10.6,27.8,,,,10.2,5,230,5.6,23,40.8,12.8,
238,금산,2022-05-19,18.7,12.3,24.1,,,,7.8,3.1,290,3.6,20,39.5,1.6,
238,금산,2022-05-20,18.3,11.3,26.7,,,,5.8,3.1,290,9.7,29,60.3,8.6,
238,금산,2022-05-21,18.5,10.8,26.2,,,,6.3,3,270,12.1,42,69.5,12.4,
238,금산,2022-05-22,20.1,11.3,27.3,,,,10.1,4.4,270,12.6,39,65.6,13,
238,금산,2022-05-23,21.3,12.9,29.1,,,,5.5,2.8,270,12.5,40,61.1,9.9,
238,금산,2022-05-24,21,11.1,30.3,,,,5.8,3.2,320,9.8,22,54.9,13.2,
238,금산,2022-05-25,20.7,13.1,28.5,,,,6.7,3.4,250,11.8,36,60.6,10.3,
238,금산,2022-05-26,18.3,12.5,24.6,,1,2.2,8.4,4,270,8,27,56.3,13.1,
238,금산,2022-05-27,20.3,14.2,26.1,,,,10.2,4,270,8.7,30,48.9,13.6,
238,금산,2022-05-28,20.1,10.9,28.8,,,,7.7,4.5,270,7.9,20,52,13.1,
238,금산,2022-05-29,21,9.4,29.9,,0,0,6,2.8,290,10.2,25,54.8,12.6,
238,금산,2022-05-30,19.2,16.3,22.4,,.3,.6,5,2.8,290,15.6,69,80,0,
238,금산,2022-05-31,19.1,9.8,27.6,,,,6.9,3.7,290,7.5,24,52.6,13.4,
238,금산,2022-06-01,20.8,12,31.1,,,,7.5,3.7,250,7.3,18,47,12.2,
238,금산,2022-06-02,20.5,10.1,29.1,,,,6,3.1,290,11.6,31,60.8,13.3,
238,금산,2022-06-03,23,14.4,32.2,,,,6.1,2.9,270,14.1,23,63.4,10.5,
238,금산,2022-06-04,23.2,17.2,30.5,,,,6.8,3.6,140,12.9,35,54.3,7.1,
238,금산,2022-06-05,17.8,16.3,20.7,,.6,2.1,5.5,3.1,110,14.4,58,81.9,0,
238,금산,2022-06-06,18.9,16.1,23.1,,.4,1.3,5.9,3.5,200,14.9,57,79.1,4.5,
238,금산,2022-06-07,15.9,14.4,17.4,,4.1,10.7,3.3,2.1,160,14.1,71,89.8,.6,
238,금산,2022-06-08,18.9,14.2,23.9,,0,0,4.5,2.3,140,13.4,49,72.4,4.7,
238,금산,2022-06-09,20,16,26.4,,.4,.6,5.7,2.9,110,15.4,47,77,6.4,
238,금산,2022-06-10,21.5,16,27.6,,,,4.9,1.9,270,16.1,42,74.5,4.3,
238,금산,2022-06-11,21.9,16.4,29.4,,0,0,5.7,2.9,270,16.6,43,74.4,4.8,
238,금산,2022-06-12,21.8,15.4,27.6,,0,0,4.6,2.3,110,15.3,47,68.8,7.9,
238,금산,2022-06-13,21.2,18,26,,,,7.8,4.4,90,13.5,42,63.4,7.3,
238,금산,2022-06-14,16.9,15.5,18.8,,1,2.5,7.9,4.2,110,13.1,63,79,0,
238,금산,2022-06-15,18.4,14.9,22.8,,5.3,9.5,8.6,3.1,250,16,69,87.1,2.4,
238,금산,2022-06-16,20.4,16.3,25.4,,0,0,7,3.5,270,14.1,44,68.9,9.4,
238,금산,2022-06-17,22,14.4,28.8,,0,0,6.6,3.4,290,17.5,57,77.1,10.2,
238,금산,2022-06-18,23.9,19.4,28.9,,,,7.2,3.6,290,18.8,54,74.9,9.4,
238,금산,2022-06-19,23.9,19.2,29.3,,,,5.7,2.9,320,19.5,56,78.1,9.2,
238,금산,2022-06-20,25.5,19.4,31.5,,,,5.2,2.8,290,20.2,50,74.9,8.4,
238,금산,2022-06-21,27,21.3,33.9,,,,5.4,2.8,270,20.4,41,70.1,10.7,
238,금산,2022-06-22,25.9,19.6,32.6,,,,7.6,3.4,290,18.7,35,67.9,13.3,
238,금산,2022-06-23,24.8,20.1,29.3,,4.2,7.1,13.1,6.1,180,21.6,63,83.3,2.1,
238,금산,2022-06-24,24.5,22.6,28.1,,5.4,17.7,9.3,3.6,270,20.6,62,80.3,5,
238,금산,2022-06-25,26.1,20.5,31.7,,,,6.6,3.4,250,20.8,50,74,7.7,
238,금산,2022-06-26,27.1,22.6,30.8,,.2,.2,9.1,4.2,180,21.8,59,73.4,3.8,
238,금산,2022-06-27,27,23.9,29.6,,.1,.1,11.2,5.2,180,21.8,65,74.1,.6,
238,금산,2022-06-28,28.1,26.7,30.8,,,,10.8,5.2,180,21,59,65.8,2.6,
238,금산,2022-06-29,27.6,24.8,30,,0,0,11.2,5.1,180,21.6,61,70.4,.9,
238,금산,2022-06-30,26.2,22.7,30.2,,1.8,1.9,9.2,4.1,180,22.7,61,82.4,2.4,
238,금산,2022-07-01,26.9,20.8,32.9,,,,6,3,250,21.7,49,75.6,12.2,
238,금산,2022-07-02,27.8,21.8,33.9,,,,5.1,2.6,270,21.7,40,72.4,8.9,
238,금산,2022-07-03,26,22.2,33.2,,17.4,26.1,6.2,3.5,140,22,49,81.4,8.4,
238,금산,2022-07-04,26.1,21.7,31.6,,4.8,9.7,6.3,2.9,160,22.3,54,82.1,5.5,
238,금산,2022-07-05,26.4,22.5,30.7,,,,5.2,2.7,270,23.6,66,85.5,1.9,
238,금산,2022-07-06,28.6,24.3,33.7,,,,5.9,3,160,23.2,52,74.1,5.2,
238,금산,2022-07-07,28.6,23.9,33.3,,0,0,11.5,6.6,200,22.3,48,70.5,9.6,
238,금산,2022-07-08,26.3,22.8,29.8,,.4,.6,5.8,3.2,270,22.5,62,80.8,4.2,
238,금산,2022-07-09,24.6,21.3,28.6,,,,4.2,2.2,200,21.4,65,83.3,1,
238,금산,2022-07-10,27.3,21.7,33.3,,1.4,4.9,5,3.1,250,22.5,49,77.6,8.1,
238,금산,2022-07-11,25,23,28.3,,.7,2.7,3.7,2.1,320,23.2,71,90.9,.2,
238,금산,2022-07-12,26,23.4,29.1,,2.2,4,3.3,1.8,110,23.5,71,86.8,.1,
238,금산,2022-07-13,24.3,22.9,26.3,,3.5,5,5.9,3.1,140,22.4,77,89.6,0,
238,금산,2022-07-14,25.3,22.3,29,,.3,.4,6.6,2.9,270,22,68,82.6,4.6,
238,금산,2022-07-15,24.2,19.4,29.5,,,,5.4,2.6,360,19.8,53,79.1,10.5,
238,금산,2022-07-16,24.3,18.8,29.4,,,,7.8,4.6,270,19.6,55,77.1,9.3,
238,금산,2022-07-17,24.3,19.4,28.9,,,,5.6,2.8,270,20.3,57,79.9,3.6,
238,금산,2022-07-18,21.1,20.3,23.4,,5,16.3,4.8,2.2,140,20.7,84,97.8,0,
238,금산,2022-07-19,24.5,20.7,29.5,,.2,.4,6.4,3.3,270,21.3,62,84,5.5,
238,금산,2022-07-20,25.9,21.1,31.7,,0,0,4.7,2.1,270,21.1,47,77,9,
238,금산,2022-07-21,23.6,22.2,26.7,,1.6,5,8.6,4.2,270,21.1,75,86.5,.1,
238,금산,2022-07-22,24.1,20.6,28.8,,,,6.1,2.8,270,19.6,56,77.3,7.6,
238,금산,2022-07-23,23.5,19.6,27.7,,2.6,3.2,5.5,3.5,140,20.5,59,84.8,1,
238,금산,2022-07-24,23.9,21,27.2,,1.1,1.7,4.8,2.6,110,22.1,72,90.4,.2,
238,금산,2022-07-25,26.1,22.5,31,,,,5,2.6,320,21.6,54,78,8.9,
238,금산,2022-07-26,26.6,21.4,33,,,,4.7,2.5,70,22,48,78.4,8.3,
238,금산,2022-07-27,26,22.1,31.3,,,,5.8,2.8,90,20.6,50,74.8,10.4,
238,금산,2022-07-28,26.5,19.8,33.8,,,,6,3.2,270,21.6,47,76.8,10.4,
238,금산,2022-07-29,28.2,22.6,34.2,,,,5.4,3.3,90,23,51,75.3,9.6,
238,금산,2022-07-30,26.9,23,30.2,,.2,.3,7.2,3.7,110,22.5,64,77.9,4.3,
238,금산,2022-07-31,24.9,23.8,27,,2.2,8,4.6,2.1,140,24,75,95.1,.1,
238,금산,2022-08-01,26.2,23.8,30.3,,1.2,2.5,7.1,3.6,110,23.9,69,88.6,1.3,
238,금산,2022-08-02,26.7,24.5,30.8,,.8,1.9,7.5,3.5,140,24.3,66,87.5,2.5,
238,금산,2022-08-03,27.5,23.7,32.5,,,,7,3.6,250,23.8,60,81.6,7.2,
238,금산,2022-08-04,27.3,23.8,32.1,,0,0,5.6,2.9,270,24,62,83.9,6.8,
238,금산,2022-08-05,27.2,23.9,31.4,,3.2,6.3,6.2,2.9,230,24.4,65,85.6,5.1,
238,금산,2022-08-06,28.3,24,33.5,,,,4.9,2.4,230,24.2,54,80.1,9.6,
238,금산,2022-08-07,27.5,24,33.6,,.3,.3,11.2,5.2,230,24.2,58,83.8,7.2,
238,금산,2022-08-08,28.3,24.1,31.5,,,,9.5,3.6,230,22.4,59,71,1.2,
238,금산,2022-08-09,28.1,24.6,30.7,,.2,.3,9.6,4,230,22.1,62,70.6,1.4,
238,금산,2022-08-10,26,23.8,28,,6.8,11.1,13.6,5.6,200,23.6,67,87.6,0,
238,금산,2022-08-11,24.6,23.5,26.8,,2.4,11.3,10.4,3.9,90,23.1,73,92,0,
238,금산,2022-08-12,26.7,23.7,31.7,,.9,2.3,4.8,2.4,340,23.3,61,83.5,7.5,
238,금산,2022-08-13,25.4,23.4,29.1,,1.3,1.9,4.6,2.4,110,23.6,70,90.8,1,
238,금산,2022-08-14,26.3,22.7,31.1,,9.4,23.4,7.1,2.7,290,23.9,63,87.9,1.1,
238,금산,2022-08-15,28.4,24.2,31.1,,0,0,11.7,4.9,200,22.4,61,70.6,1.9,
238,금산,2022-08-16,24.4,22.2,28.3,,17,39.7,7.6,3.6,160,23,72,92.8,.5,
238,금산,2022-08-17,25,22.2,29.9,,0,0,5.6,2.9,90,21.9,59,84.1,4.7,
238,금산,2022-08-18,23.9,19.2,29.7,,,,4.5,2.4,160,20,52,81.3,7.1,
238,금산,2022-08-19,26,19.3,30.3,,,,7.7,3.7,230,21.9,64,79.3,2.8,
238,금산,2022-08-20,25.8,22.9,29.5,,9.1,26.1,12.2,5.7,270,23.4,68,87.4,3.3,
238,금산,2022-08-21,25.8,22.1,31.2,,,,4.4,2.2,70,21.7,55,80.4,6.4,
238,금산,2022-08-22,26,21.7,31.5,,,,4.9,2.5,290,21.9,54,80.1,7.2,
238,금산,2022-08-23,23.7,22.8,24.8,,2,6.3,3.5,2,70,23,88,96.3,0,
238,금산,2022-08-24,22,19.1,24.3,,.2,.2,7,3,110,19.4,71,86.3,1,
238,금산,2022-08-25,21.8,18.3,27.8,,,,6,2.5,290,18.4,59,82.5,1.9,
238,금산,2022-08-26,21.5,15.6,27.8,,,,4.8,2.2,290,16.9,49,77.3,10.7,
238,금산,2022-08-27,20,14.2,25.6,,,,6.1,3.2,290,13.2,33,69.8,7.9,
238,금산,2022-08-28,20.1,12.9,28,,,,6,2.8,110,13.8,38,71.3,11.9,
238,금산,2022-08-29,18.8,16.9,20.4,,.3,.6,3.7,2,110,16.3,73,85.9,0,
238,금산,2022-08-30,19.3,18,20.8,,1.6,3.8,3.6,1.8,140,18.3,86,93.9,0,
238,금산,2022-08-31,20.5,19.2,22.4,,.7,2.5,3.3,1.5,290,19.7,83,95.6,0,
238,금산,2022-09-01,20.9,17,25.4,,,,4,2.3,50,18.6,66,88.4,1.6,
238,금산,2022-09-02,20.8,14.9,25.7,,,,8.5,3.9,90,16.9,62,80,1,
238,금산,2022-09-03,22.6,20.3,26.9,,.3,.3,7.6,4.3,110,18.2,61,77.3,5.6,
238,금산,2022-09-04,24.1,20,29.4,,.1,.1,6.5,3.9,140,20.8,61,82.8,.6,
238,금산,2022-09-05,22.6,20.6,24.5,,1.4,6.6,4.8,2.6,290,22.3,92,98.1,0,
238,금산,2022-09-06,20,16,25.3,,3.4,7.4,12.2,4.5,290,16.8,56,83.8,5.5,
238,금산,2022-09-07,18.9,14,27.2,,,,5.8,3.2,270,13.9,30,77.8,9.8,
238,금산,2022-09-08,19.3,11.6,28.6,,,,4.8,2.2,270,14.2,36,77.1,9.7,
238,금산,2022-09-09,20.6,14.2,28.1,,,,5.4,2.6,70,15.2,40,74.8,8.9,
238,금산,2022-09-10,19.6,16.1,24.9,,,,5.7,2.9,110,15,56,76.3,1.9,
238,금산,2022-09-11,22.1,15.7,28.8,,,,4.3,2.4,290,17.4,52,76.9,7.6,
238,금산,2022-09-12,21.7,19.6,24.3,,.1,.3,3.3,1.9,140,19.7,74,89.3,0,
238,금산,2022-09-13,23.6,19.3,27.8,,0,0,5.2,2.8,90,18.1,52,73.9,1,
238,금산,2022-09-14,23.4,19.6,27.4,,,,10,5,110,13.1,36,53.8,5,
238,금산,2022-09-15,24.5,19.1,30.4,,,,7.5,4,110,18,54,68.1,9.3,
238,금산,2022-09-16,24.8,19.6,31.1,,,,5.3,2.9,110,20.1,57,76.1,7.7,
238,금산,2022-09-17,25.9,21.4,31.6,,0,0,4.3,2.5,110,21.4,52,78.5,7.5,
238,금산,2022-09-18,26.7,22.5,31.9,,0,0,8.7,3.8,70,21.4,55,74.4,4.4,
238,금산,2022-09-19,24.1,17.6,28.9,,,,9.1,4.2,340,17.4,51,66.8,6.6,
238,금산,2022-09-20,17.5,12.3,23.9,,,,7.4,3.8,270,10.7,38,68.4,8.1,
238,금산,2022-09-21,16.2,9.7,23.9,,,,6.2,2.7,90,10.5,37,72.9,11.3,
238,금산,2022-09-22,15.9,8.5,23.3,,,,4,2.3,270,10.4,34,73.6,6.7,
238,금산,2022-09-23,16.1,11.4,23.6,,,,8.8,4.6,270,11.8,47,77.1,8.1,
238,금산,2022-09-24,15.6,8.9,23,,,,7.3,3.4,360,9.3,34,70.4,9.2,
238,금산,2022-09-25,16.8,12.2,23.4,,,,3.4,1.8,290,12.4,50,77.5,2.4,
238,금산,2022-09-26,16.9,13.2,23.6,,,,3.2,1.7,180,13.2,45,81.3,2,
238,금산,2022-09-27,17.6,11.9,27.3,,,,4.3,2.3,90,11.9,34,75.1,8.7,
238,금산,2022-09-28,16.9,11.6,24.7,,,,3.9,1.9,270,13.5,54,82.8,3.7,
238,금산,2022-09-29,17.6,12.8,26.2,,,,3.8,1.9,270,13.6,42,81.3,7.4,
238,금산,2022-09-30,17.6,11.4,29,,,,3.3,1.7,290,11.9,20,76.1,8,
238,금산,2022-10-01,18.1,11.1,27.8,,,,2.9,1.5,270,13,28,77.1,7.5,
238,금산,2022-10-02,20.7,14.7,28.6,,0,0,6.6,3.2,140,13,23,67.1,3.5,
238,금산,2022-10-03,23.2,17.9,27.3,,2.3,5.1,9.5,5.2,180,19.5,62,81.5,.7,
238,금산,2022-10-04,19.5,15.3,25.5,,3.8,12.7,13.8,5.9,250,17.2,70,87.3,.1,
238,금산,2022-10-05,15.2,12.3,20.4,,.2,.3,5.2,2.5,320,11.4,53,79.9,5.3,
238,금산,2022-10-06,15.5,12.6,20.2,,,,5.2,3,290,11.9,57,80.1,2.9,
238,금산,2022-10-07,15.1,11.1,19.3,,,,7.4,3.9,290,9.5,42,71.4,7.8,
238,금산,2022-10-08,14.4,6.5,21.2,,,,5.8,2.9,110,8.2,39,70.3,9.9,
238,금산,2022-10-09,12.2,10.2,13.6,,.6,1.3,8.3,4.4,140,11.1,80,93.3,0,
238,금산,2022-10-10,10.5,8.3,13.9,,.6,1,10.9,5.1,270,5.8,46,74.3,5.2,
238,금산,2022-10-11,10.8,5.9,17.3,,,,5.7,2.9,290,6.4,47,76.5,8.9,
238,금산,2022-10-12,10.8,4.6,20.9,,,,4.2,2.1,180,7.3,43,82.8,7.7,
238,금산,2022-10-13,12.6,6.6,21.6,,,,4.9,2.4,270,9.3,46,83.9,8.4,
238,금산,2022-10-14,14.1,8,22.9,,,,4.3,2.5,270,10.2,35,81.3,6.9,
238,금산,2022-10-15,16.3,10.6,25.1,,,,3.6,1.7,70,12,36,80.3,7.3,
238,금산,2022-10-16,17,11.9,23.4,,,,6.6,3.1,290,13.6,58,82.3,4.6,
238,금산,2022-10-17,12,5.6,16,,0,0,9.2,5.3,290,3.3,21,59.1,7.8,
238,금산,2022-10-18,6.5,.4,14.4,,,,6.6,3,290,.2,31,68.9,.3,
238,금산,2022-10-19,6.4,-.6,15.9,,,,6.6,3,270,1.1,31,74.8,,
238,금산,2022-10-20,8.3,.3,19.6,,,,4.1,2,270,2.7,26,74.8,,
238,금산,2022-10-21,10.7,3.1,17.6,,,,3.6,2,340,6.7,41,78.8,3.3,
238,금산,2022-10-22,12.9,7.3,21.1,,,,5.8,2.7,340,8.1,35,77.1,9.2,
238,금산,2022-10-23,11.2,4.8,18.8,,,,5.9,2.7,340,6.6,44,76.3,6.7,
238,금산,2022-10-24,7.4,2.3,15,,,,7.3,3.6,290,.8,29,67.5,9.7,
238,금산,2022-10-25,6.9,-1.1,16.4,,,,6.9,3.1,90,1,34,70.9,,
238,금산,2022-10-26,8.6,0,18,,,,3.7,1.9,270,3.2,35,73.9,,
238,금산,2022-10-27,10.3,3.6,19.9,,,,5.2,2.7,180,4.9,35,74,10.1,
238,금산,2022-10-28,,2.5,20.3,,,,3.2,1.7,290,,28,,8.6,
238,금산,2022-10-29,,6.8,20.2,,,,3,1.6,270,,35,,,
238,금산,2022-10-30,10.6,3.1,20,,,,4.7,2.4,50,6.1,37,77.8,8.1,
238,금산,2022-10-31,10.6,4.9,19.5,,,,4.6,2,270,6.3,41,78.5,8.6,
238,금산,2022-11-01,10.3,3.8,18.3,,,,5.8,2.8,270,7.1,54,82.8,6.5,
238,금산,2022-11-02,8.8,3.3,19.5,,,,5,2.4,180,3,21,73.9,6.6,
238,금산,2022-11-03,8.4,0,17.4,,,,5.7,3.3,290,1.4,29,66.5,4,
238,금산,2022-11-04,5.2,-1.2,10.8,,,,7.1,3.3,270,-4,22,55.5,9.9,
238,금산,2022-11-05,3.6,-4.6,13.5,,,,5.7,2.8,270,-3.3,25,66.1,10,
238,금산,2022-11-06,5.3,-2.1,15.7,,,,5.5,2.5,270,.7,40,75.5,8.4,
238,금산,2022-11-07,7.5,-.7,17.9,,,,4.3,1.5,320,.9,20,69.3,6.7,
238,금산,2022-11-08,8.9,2.8,18.5,,,,4.4,2.3,140,3.5,37,72,6.4,
238,금산,2022-11-09,7.5,.7,17.5,,,,5.2,2.7,320,3,40,77.3,5.1,
238,금산,2022-11-10,9,.9,19.5,,,,3.8,1.3,140,3.3,37,72.1,9.1,
238,금산,2022-11-11,10.9,2.8,22,,,,2.9,1.6,160,5.4,36,73.6,8.1,
238,금산,2022-11-12,15.5,4.7,23.9,,,,10.4,5.6,180,10.7,49,76,3.3,
238,금산,2022-11-13,11.2,8.5,19.1,,,,8.2,3.5,270,8.5,66,84,.1,
238,금산,2022-11-14,9,6.5,13.2,,,,6.9,3.1,290,5.3,56,79.3,1.2,
238,금산,2022-11-15,6.5,0,13.4,,,,6.2,2.8,270,2.1,48,75.9,6.9,
238,금산,2022-11-16,7,2.6,13.7,,,,6.8,3.4,290,3.5,40,82,5.1,
238,금산,2022-11-17,6.4,.9,15.7,,,,5.4,1.7,270,1.4,32,75.6,8.7,
238,금산,2022-11-18,6,-1.5,18.7,,,,3.2,2,250,.2,20,73.5,7.1,
238,금산,2022-11-19,7.6,-1.1,18.7,,,,3.9,2.1,90,2.3,31,73.6,8.7,
238,금산,2022-11-20,9.8,4.9,19.1,,,,5.1,2.2,290,4.5,34,73.1,5.4,
238,금산,2022-11-21,8.7,1.8,18.7,,,,4.8,2.8,290,3.4,30,74.3,8.2,
238,금산,2022-11-22,9.2,5.5,14.2,,,,1.7,.9,90,6.4,57,84.5,0,
238,금산,2022-11-23,9.2,1.9,16,,,,6.3,3.2,290,5.2,48,78.8,7,
238,금산,2022-11-24,5,.5,14.1,,,,2.9,1.5,290,1,40,78.4,4.7,
238,금산,2022-11-25,6.6,-2,18.2,,,,5.5,3.1,270,-.2,21,68.4,9.1,
238,금산,2022-11-26,8.3,-.4,15.4,,,,8.8,5.1,290,-1.4,26,54.4,8.6,
238,금산,2022-11-27,3.8,-3.9,14.8,,,,3,1.6,140,-4.4,17,60.9,8,
238,금산,2022-11-28,5.5,-1.4,10.6,,,,2.9,1.5,230,3.5,57,87.3,.8,
238,금산,2022-11-29,8.9,1.9,13.5,,,,8.4,3.9,290,2,31,66.3,.1,
238,금산,2022-11-30,-2.8,-5.4,1.9,,,,8.4,4.2,290,-10.5,37,55.8,7.3,
238,금산,2022-12-01,-3.4,-6.9,1.7,,,,5.8,2.4,290,-13.3,28,48.8,7,
238,금산,2022-12-02,-3,-8.5,4,,,,3.3,1.7,270,-8,39,70.9,9.2,
238,금산,2022-12-03,2.4,-4.5,8.9,,,,7.7,2.9,270,-.8,56,80.4,1.6,
238,금산,2022-12-04,-1.1,-2.9,3.7,,,,7.3,2.7,320,-11.8,27,45.6,1.9,
238,금산,2022-12-05,-2.7,-7,2.7,,,,7,3.2,290,-14.2,17,44,6.3,
238,금산,2022-12-06,-1.1,-8.3,6.7,,,,10.5,4.2,290,-4.5,45,78.4,4.5,
238,금산,2022-12-07,3.2,-2.8,8.3,,,,8.3,4,270,-2.5,47,67.8,2.1,
238,금산,2022-12-08,1.2,-4.4,10.5,,,,3.2,1.7,290,-3.5,29,74.8,7.6,
238,금산,2022-12-09,2.6,-4.1,12.4,,,,6,2.7,290,-1.2,46,78.3,6,
238,금산,2022-12-10,.5,-2.9,5.1,,,,3.4,1.7,290,-1.9,56,85,0,
238,금산,2022-12-11,-.3,-5.5,7.7,,,,6.3,3.5,270,-6,29,69.9,8.7,
238,금산,2022-12-12,-.5,-7,6.8,,,,7.1,3.5,140,-4.7,30,75.8,3.2,
238,금산,2022-12-13,2.3,-2.5,4.9,,,,10.9,4.9,290,-2.6,47,72.4,.4,
238,금산,2022-12-14,-7.4,-11.2,-2.2,,,,9.3,5,290,-11.6,55,72.9,7,
238,금산,2022-12-15,-2.1,-11.7,4.6,,,,8.1,3.7,290,-6.1,48,75.8,6.6,
238,금산,2022-12-16,-3.6,-5.9,-.3,,,,3.6,2.2,290,-11.7,30,55.9,1.2,
238,금산,2022-12-17,-6.8,-12.1,-2.8,,,,7.5,3.7,290,-10,54,77.8,1,
238,금산,2022-12-18,-9.7,-13.9,-4.5,,,,6.2,3,290,-14.7,41,69.3,8.2,
238,금산,2022-12-19,-6.4,-14.4,1.3,,,,4.3,2,250,-11.4,40,70.1,8.4,
238,금산,2022-12-20,-3.1,-10.3,4.1,,,,2.9,1.6,270,-7.6,45,73.3,8.7,
238,금산,2022-12-21,.3,-3.3,3.2,,,,6.3,3.1,290,-.7,79,93.3,0,
238,금산,2022-12-22,-4.7,-8.9,.7,,,,10.3,4.8,290,-8.5,56,75.1,1.1,
238,금산,2022-12-23,-7.9,-10.1,-5.4,,,,14.8,6.3,290,-12.8,54,68,4,
238,금산,2022-12-24,-7.9,-12.9,-2,,,,4.5,2.5,290,-13.2,40,66.9,9,
238,금산,2022-12-25,-6.1,-12.6,1.9,,,,6.8,3.5,290,-9.6,46,77.5,8,
238,금산,2022-12-26,-5.2,-10.6,2.7,,,,3,1.5,270,-8.5,40,79.9,6.2,
238,금산,2022-12-27,-4.3,-10.5,3.9,,,,4.3,2.2,340,-8.2,34,76.8,7.7,
238,금산,2022-12-28,-3.5,-7.4,1.4,,,,7.2,3.4,290,-7.1,49,77.4,1.4,
238,금산,2022-12-29,-5.1,-10.6,2.4,,,,4.6,2.1,320,-8.7,48,77.6,2.7,
238,금산,2022-12-30,-1.7,-6.9,2.4,,,,5.3,2.9,320,-5.7,55,74.9,2.1,
238,금산,2022-12-31,-1.8,-5.6,4.4,,,,6.2,3.2,270,-6.3,50,73,2.6,
238,금산,2023-01-01,-2.5,-8.4,5.8,,,,5.7,2.9,270,-8.9,27,66,6.4,
238,금산,2023-01-02,-4.6,-9.8,1.5,,,,6.2,3.1,290,-12.1,27,60.6,8.7,
238,금산,2023-01-03,-4.6,-12.2,2.8,,,,5.4,2.8,290,-10.9,35,64.5,9.1,
238,금산,2023-01-04,-3.2,-9.9,4.8,,,,7.7,3.8,290,-8.3,34,70,7.5,
238,금산,2023-01-05,-2.4,-8,5.9,,,,5.3,2.8,270,-5.6,53,80.3,4.6,
238,금산,2023-01-06,-.7,-6.8,7.5,,,,4.9,2.4,270,-3.8,40,81.6,5.8,
238,금산,2023-01-07,2.1,-4.3,6.2,,,,8.9,4.5,290,-3.6,40,67.9,6.2,
238,금산,2023-01-08,-.6,-7.2,9,,,,3.6,1.7,290,-5.8,23,71.4,8.4,
238,금산,2023-01-09,1.2,-4,7.4,,,,5.9,2.9,290,-3.2,46,73.3,.5,
238,금산,2023-01-10,-.9,-8.5,10.3,,,,3.7,2.1,270,-6.3,26,71,8.8,
238,금산,2023-01-11,.3,-6.4,11.6,,,,4.5,2.2,340,-6.3,17,68.1,9,
238,금산,2023-01-12,3,-6.5,15.8,,,,2.3,1.3,270,-4.5,20,64.3,8.7,
238,금산,2023-01-13,8.9,4.3,14.2,,,,6,2.9,290,8.3,82,96.8,0,
238,금산,2023-01-14,7.4,5.4,9.7,,,,4,1.9,290,7.2,95,99.3,0,
238,금산,2023-01-15,.5,-3.6,5.7,,,,6.7,3.4,270,-2.1,69,83.3,0,
238,금산,2023-01-16,-3.5,-6.3,.1,,,,7.1,3.4,290,-8.9,45,67,7.4,
238,금산,2023-01-17,-3.3,-7.3,2.2,,,,5.6,2.8,270,-8.7,37,69.4,7.7,
238,금산,2023-01-18,-2.3,-5.5,3.3,,,,6.3,2.8,290,-5.5,51,79.8,3.6,
238,금산,2023-01-19,-1.1,-7.7,5,,,,7,4,50,-5.9,44,72.4,8.3,
238,금산,2023-01-20,-1.2,-8.1,4.7,,,,10.9,4.9,290,-9.6,27,55.1,6.5,
238,금산,2023-01-21,-5,-11.8,2.5,,,,6.8,2.5,270,-12,25,62.9,9.4,
238,금산,2023-01-22,-2.4,-6.2,1.7,,,,2.4,1.4,140,-5.7,51,79,0,
238,금산,2023-01-23,.3,-5.4,7.6,,,,7.8,3.9,290,-4.6,36,72.9,6.4,
238,금산,2023-01-24,-10.8,-13.8,-2.1,,,,13.1,6.3,290,-18.3,35,54.6,7.3,
238,금산,2023-01-25,-11.7,-17.8,-4.7,,,,6,2.8,270,-19.8,17,56.1,9.5,
238,금산,2023-01-26,-5.2,-13.9,1.1,,,,4.6,2.6,270,-8.2,64,79.5,1.3,
238,금산,2023-01-27,-6.4,-11,-2,,,,11.7,5.8,290,-12.4,34,65.1,8.2,
238,금산,2023-01-28,-7.1,-14,-.7,,,,7,3.5,270,-11.7,31,72.3,6.9,
238,금산,2023-01-29,-1.2,-9.7,4.2,,,,9.5,4.5,290,-6.9,44,68,7.3,
238,금산,2023-01-30,-2.1,-7.7,4.2,,,,7.4,3.6,290,-11,24,54.5,9.6,
238,금산,2023-01-31,-.3,-9.8,9.6,,,,9.1,4.6,270,-7.1,26,64.3,9.5,
238,금산,2023-02-01,3,-3.6,8.6,,,,10,5,290,-5.3,33,57.6,6.8,
238,금산,2023-02-02,-2.1,-6.7,3.6,,,,6.5,3.3,290,-10.6,23,55.6,6.9,
238,금산,2023-02-03,-1.3,-5.2,4.4,,,,6.7,3.1,290,-10.9,23,50.5,6.6,
238,금산,2023-02-04,-2.5,-9.7,5.3,,,,7.3,3.7,290,-8.8,36,64.8,9.4,
238,금산,2023-02-05,-1.7,-9.4,8.2,,,,5.4,2.3,340,-9,20,63.8,9.6,
238,금산,2023-02-06,.4,-8.8,12.3,,,,3.3,1.9,290,-8.4,18,58.4,6.8,
238,금산,2023-02-07,1.2,-5.5,12.1,,,,5.2,2.7,290,-8.1,16,56.6,5.5,
238,금산,2023-02-08,.4,-6.8,8.7,,,,7.5,3.7,290,-7.7,27,60,9.4,
238,금산,2023-02-09,2.1,-7.2,10.1,,,,6.2,3.6,90,-5.6,23,62.3,5.5,
238,금산,2023-02-10,2,-1.3,5.7,,,,4.2,2.5,290,.7,74,92.4,0,
238,금산,2023-02-11,.4,-2.8,6.2,,,,2.8,1.7,250,-1.3,55,89.6,1.3,
238,금산,2023-02-12,.9,-3.8,5.7,,,,2.2,1.2,140,-1.4,60,86.1,0,
238,금산,2023-02-13,5.6,3,9.6,,,,5.1,2.2,290,.6,56,71.1,.3,
238,금산,2023-02-14,2.5,-2.4,7.4,,,,5.9,2.9,290,-4.2,34,63.9,7.3,
238,금산,2023-02-15,2.2,-2.7,6.5,,,,5.7,2.5,90,-3.5,50,66.6,2,
238,금산,2023-02-16,1.8,-3.3,5.9,,,,6.8,2.9,270,-2,59,76.3,.3,
238,금산,2023-02-17,2.2,-3.6,8.2,,,,2.8,1.7,160,-3.4,38,69.4,1.7,
238,금산,2023-02-18,5.4,1.6,8.1,,,,2.3,1.5,140,-.2,49,68.8,0,
238,금산,2023-02-19,3.3,-3,7.9,,,,7.7,4,290,-2.6,35,68.5,5.2,
238,금산,2023-02-20,-1.5,-6.6,5.3,,,,12.7,5.7,290,-10.6,17,56,7.9,
238,금산,2023-02-21,-2.6,-9.2,4.8,,,,4.4,2.4,270,-12.7,19,51.1,10.4,
238,금산,2023-02-22,1.1,-9,9.8,,,,9.2,4.4,320,-6.7,31,59.1,9,
238,금산,2023-02-23,2.7,-3.6,9.4,,,,5.1,2.6,270,-5.5,28,58.3,9.9,
238,금산,2023-02-24,2.3,-3.5,9.8,,,,7.7,4.3,340,-6.8,26,55.5,9.4,
238,금산,2023-02-25,-.5,-6.8,6.1,,,,7.3,4,290,-10.2,20,52.4,10.6,
238,금산,2023-02-26,-.4,-9,9.6,,,,6.1,2.6,270,-10.1,18,54.4,10.7,
238,금산,2023-02-27,2.8,-7.4,14.5,,,,5.5,3.3,290,-8.7,12,52.5,10.7,
238,금산,2023-02-28,4.6,-6,13.6,,,,8.2,4.4,290,-2.8,21,62.1,10.7,
238,금산,2023-03-01,6.1,2.2,11.2,,,,10,4.5,290,-1.8,32,59.1,.5,
238,금산,2023-03-02,1.8,-3.5,7.5,,,,8.2,3.7,290,-12.6,16,36.1,10.6,
238,금산,2023-03-03,2.3,-7.4,12.1,,,,7.3,3.4,270,-7.8,21,53.1,10.5,
238,금산,2023-03-04,4.1,-3.5,14.3,,,,5.4,2.8,270,-3.4,30,62.4,7.2,
238,금산,2023-03-05,5.6,-3.7,16.3,,,,8,2.4,290,-3.8,16,58,9.4,
238,금산,2023-03-06,5.9,-3.8,16.8,,,,7.6,3.6,270,-5.6,15,52.5,10.4,
238,금산,2023-03-07,10.7,-.6,20.2,,,,12.5,6.2,230,-2.8,18,45,9.2,
238,금산,2023-03-08,12.1,2.5,21.4,,,,7.9,4,270,-2.2,15,41.1,10.2,
238,금산,2023-03-09,14.4,5.7,20.4,,,,10.6,5.5,270,6,32,58.9,7.7,
238,금산,2023-03-10,11.8,.5,23.8,,,,6.6,3.4,270,1.1,15,56.5,9.6,
238,금산,2023-03-11,14.2,3.9,24.4,,,,6.3,3.2,290,-.9,14,43.8,8.3,
238,금산,2023-03-12,6.1,.2,12.3,,,,13.1,5.4,290,-.1,45,66,.7,
238,금산,2023-03-13,2.3,-2.3,8.3,,,,8.6,4.6,290,-10.8,21,39.5,11.1,
238,금산,2023-03-14,8.3,-3.3,17.7,,,,7.8,3.8,230,-5.4,11,45.3,10.9,
238,금산,2023-03-15,10.6,1.2,19.9,,,,12.9,5.1,270,3.9,33,67.1,8,
238,금산,2023-03-16,6.1,-.8,12.5,,,,7.1,3.9,320,-11.8,11,29.6,7.7,
238,금산,2023-03-17,6.5,.3,11.8,,,,3.4,2,290,-7,20,39.5,.3,
238,금산,2023-03-18,8.5,3.3,14.7,,,,8.3,3.7,290,-5.2,18,40.9,7.7,
238,금산,2023-03-19,6.8,-2.8,16.4,,,,5.4,2.5,270,-4.5,16,51,11.1,
238,금산,2023-03-20,8.4,-1.9,19,,,,7.7,3.1,290,-2.3,22,52.3,9.9,
238,금산,2023-03-21,12.1,1.3,23.2,,,,4.6,2.1,160,-.3,20,48.6,10.5,
238,금산,2023-03-22,15.1,3.7,24.7,,,,5.2,2.8,110,7.6,38,63.3,7.3,
238,금산,2023-03-23,14.9,11.5,18.3,,,,3.8,2.2,290,13.4,71,92.1,.1,
238,금산,2023-03-24,11,6.4,15.2,,,,5.1,3,110,7.1,56,78.1,1.2,
238,금산,2023-03-25,10.5,8.7,12.7,,,,4.4,2.5,110,5.8,61,73.4,0,
238,금산,2023-03-26,9.3,1.6,15.8,,,,7.7,4.2,320,-2.8,13,50.3,10.2,
238,금산,2023-03-27,5.6,-3.3,14.4,,,,6.2,3,320,-6.3,15,48.6,11.3,
238,금산,2023-03-28,6.9,-2.4,17.1,,,,6.8,3.9,270,-1.3,24,60,7.9,
238,금산,2023-03-29,9.7,-1.5,20.8,,,,5.8,2.8,270,-2.8,13,51.9,11.3,
238,금산,2023-03-30,12.1,.7,22.6,,,,5.1,2.8,290,-2.5,13,45.4,9.5,
238,금산,2023-03-31,12.4,.7,22.6,,,,7,3.2,270,-2,16,42.4,11.6,
238,금산,2023-04-01,13.9,2.5,24.6,,,,6.2,2.7,270,-.7,14,44.3,10.6,
238,금산,2023-04-02,14.4,4.6,22,,,,8.7,4.8,90,-.9,19,39.3,11.7,
238,금산,2023-04-03,13.9,3.2,22.7,,,,11.6,5.8,110,-1.6,15,38.3,11.4,
238,금산,2023-04-04,14.5,7.5,23.2,,.7,2.7,8.9,4.8,180,4.7,24,57,3.7,
238,금산,2023-04-05,12.8,8.7,16.5,,.5,1.6,10.1,4.8,140,11.6,85,93.1,0,
238,금산,2023-04-06,8.8,6.9,10.5,,.4,1.8,7.2,3.3,250,6.9,79,88.4,0,
238,금산,2023-04-07,8,2.2,14.4,,.3,1,8.9,4.3,290,2.3,40,70.4,7.9,
238,금산,2023-04-08,7.1,-2.2,15,,,,11.4,6,270,-3.5,16,52,11.8,
238,금산,2023-04-09,8.1,-1.6,17.6,,,,8.6,4.5,270,-3.4,19,51.4,12.1,
238,금산,2023-04-10,11.1,-1,21.8,,,,6.2,3.1,140,-.1,17,52.4,11.2,
238,금산,2023-04-11,14.5,7.4,20.7,,.8,.9,11.1,6,270,9,53,70.9,2.3,
238,금산,2023-04-12,9.3,2.1,17.4,,,,9.3,5,290,-5.1,11,46.1,11.4,
238,금산,2023-04-13,12.3,-.3,24.2,,,,7.4,3.1,290,-3.7,10,41.1,10.3,
238,금산,2023-04-14,12.1,3.8,19.8,,.1,.1,3.7,1.8,140,2.8,22,57,1.5,
238,금산,2023-04-15,11.6,6.7,15.6,,.5,1.8,8.7,3.6,290,9.6,67,88.3,1.2,
238,금산,2023-04-16,9.3,4.9,16.4,,0,0,8.9,4.6,290,4,26,74.6,2.4,
238,금산,2023-04-17,12.2,1.6,21.2,,,,5,2.8,270,3.2,25,60.8,9.4,
238,금산,2023-04-18,15.4,12.1,18.3,,4.9,6.4,6.5,3.5,110,12.3,44,84.6,0,
238,금산,2023-04-19,19.5,13.3,27.9,,,,7.4,3.1,70,14,37,74.6,8.6,
238,금산,2023-04-20,19.8,15.3,26.5,,,,7.1,3.3,290,14.5,43,74,8,
238,금산,2023-04-21,17.4,13.3,23.5,,,,5.6,2.9,90,10.3,42,65.5,2.9,
238,금산,2023-04-22,15.7,10.3,21.3,,,,7.9,3.9,90,-1.1,19,34.1,9.2,
238,금산,2023-04-23,14.8,9.3,20,,,,5,2.4,110,1.5,20,43.1,2.4,
238,금산,2023-04-24,14.3,10.5,19.8,,,,6.9,3.5,140,2.9,27,48.4,5.5,
238,금산,2023-04-25,8.7,8,10.5,,.2,.6,4.3,2.2,90,6.1,56,84.4,0,
238,금산,2023-04-26,8.4,3.4,15,,,,10.6,4.6,270,3.6,41,75.9,6.9,
238,금산,2023-04-27,11.2,.9,22.5,,,,6,2.9,320,3.4,27,65.8,9.9,
238,금산,2023-04-28,15.4,3.4,23.2,,0,0,8.3,3.9,180,6.9,19,62.5,9.3,
238,금산,2023-04-29,13.4,8.6,18.1,,1.2,3.6,8.3,3.2,270,11.2,68,87,0,
238,금산,2023-04-30,12.8,4.5,19.5,,,,10,4.1,270,4.1,31,59.4,12.4,
238,금산,2023-05-01,13.3,6.6,19.7,,,,9.4,4.6,290,4.3,28,59.1,11.6,
238,금산,2023-05-02,15,3.8,25.8,,,,5.3,2.8,270,3.9,19,55.9,,
238,금산,2023-05-03,17.4,9.2,25.6,,,,5.9,2.8,180,7.9,21,59,6.8,
238,금산,2023-05-04,18.3,13.2,24.7,,.4,.8,7.4,4.7,180,12.8,49,72.4,6.2,
238,금산,2023-05-05,19.3,16.3,22.2,,2.5,7.9,9.9,4.6,140,18.2,81,94.3,0,
238,금산,2023-05-06,15.4,12.2,19.7,,3.2,10.4,7,3.5,90,14.4,80,94.4,0,
238,금산,2023-05-07,11.1,5.8,14.3,,.1,.1,8.8,4.6,70,5.5,49,70.6,0,
238,금산,2023-05-08,12.6,3.3,22.3,,,,6.7,2.9,290,4.5,24,66.8,9.8,
238,금산,2023-05-09,14.5,5,24.6,,,,6.2,3.3,290,6,24,64.6,11.3,
238,금산,2023-05-10,15.4,6.9,25.3,,,,5.4,2.7,270,6.8,21,63.3,9.8,
238,금산,2023-05-11,17.2,7,26.2,,,,5.8,2.7,270,6.5,18,55.9,12.2,
238,금산,2023-05-12,15.4,8.6,24.2,,4.5,7.8,10.4,5.8,160,9.6,35,72.5,3.5,
238,금산,2023-05-13,16.6,10.4,23.8,,,,5.3,2.9,320,10.9,41,73.1,6.9,
238,금산,2023-05-14,16.4,9.1,24.6,,,,6.6,3.3,270,8.4,27,65.6,10.4,
238,금산,2023-05-15,18.4,7.3,28,,,,5.2,2.8,250,9.8,30,62.6,12.8,
238,금산,2023-05-16,21.2,12.3,30.9,,,,7.8,3.7,270,11.1,28,58.8,11.9,
238,금산,2023-05-17,20.9,10.5,30.2,,,,8.2,4.2,270,11.2,23,59.8,12,
238,금산,2023-05-18,16.8,15.4,20.2,,.2,.8,6.9,3.4,90,14.2,50,85.1,0,
238,금산,2023-05-19,18.9,14.2,23.8,,,,7.4,3.5,90,13.4,52,72.1,4.1,
238,금산,2023-05-20,19,11.3,27.1,,,,7.6,3.3,270,13.7,44,74.6,9.6,
238,금산,2023-05-21,17.7,13.2,24.1,,,,7.9,3.2,270,12.6,45,74.5,8.2,
238,금산,2023-05-22,16,13.4,21.6,,0,0,4,2.8,270,11.5,45,76.1,3,
238,금산,2023-05-23,17.1,10.4,24.4,,.7,1.2,6.2,3,290,9.9,25,69.5,9.4,
238,금산,2023-05-24,18.1,10,25,,,,4.4,2.2,140,10.3,32,65,4.4,
238,금산,2023-05-25,19.4,14.4,26.6,,,,8.2,4.3,250,9.1,28,54.5,5.7,
238,금산,2023-05-26,19.9,13.6,26.2,,0,0,5.5,2.7,270,12.5,45,64,6,
238,금산,2023-05-27,20.8,17.1,24.4,,.1,.2,6.3,3.3,110,16.1,50,75.6,.7,
238,금산,2023-05-28,19.9,18,21.5,,2.1,6.8,3.2,1.6,50,19.3,68,96.9,0,
238,금산,2023-05-29,19.9,18.3,21,,4.3,15.9,3.5,1.6,340,19.5,94,98.4,0,
238,금산,2023-05-30,21.1,16.4,25.9,,,,5.7,2.8,70,17.1,59,79.6,3.8,
238,금산,2023-05-31,21.1,15.2,28.1,,,,5,2.5,160,13.3,38,64,11.1,
238,금산,2023-06-01,20.3,15.2,25.2,,,,6,3.8,160,15.8,49,77.1,1.2,
238,금산,2023-06-02,21.5,17.7,27,,0,0,7.3,3.5,290,16.5,38,75.6,7.9,
238,금산,2023-06-03,20.1,14,27.5,,,,7.5,4,320,11.8,24,64.6,11.2,
238,금산,2023-06-04,20.5,12.8,27.2,,,,7.3,3.3,250,10.8,31,57.6,10.9,
238,금산,2023-06-05,19.9,14.6,25.3,,,,6.6,3.7,250,13.3,47,67.1,9.3,
238,금산,2023-06-06,20.2,13.4,27.5,,,,6,3.1,270,13.3,42,67.1,12.4,
238,금산,2023-06-07,20.7,13.9,26.7,,,,5.1,2.9,270,15.5,54,73.9,7,
238,금산,2023-06-08,22,17.2,29.4,,,,6.7,3.6,290,16.2,34,72.9,7.3,
238,금산,2023-06-09,22.1,16.4,28.5,,.4,.7,4.9,2.5,270,13.7,28,63.8,9.3,
238,금산,2023-06-10,21.3,16,31.1,,1,1.8,8.5,4.8,140,15.2,32,72.4,5,
238,금산,2023-06-11,21.8,15.7,29,,,,5.9,3.1,270,17.4,50,78.4,6.6,
238,금산,2023-06-12,23,17.1,29.2,,,,6,2.6,320,15.9,37,68.3,9.3,
238,금산,2023-06-13,22.2,17,28.6,,,,6.2,3.2,270,15,39,66.8,12.1,
238,금산,2023-06-14,21.1,15,27.9,,,,6.5,3.1,270,13.8,42,66.4,11,
238,금산,2023-06-15,20.6,13.1,27.6,,0,0,6.2,2.6,290,14.1,42,69.6,10.7,
238,금산,2023-06-16,22.9,14.8,31,,,,6.1,2.6,290,15.6,33,68.4,11.4,
238,금산,2023-06-17,24.4,16.8,32.5,,,,6,2.9,290,16.6,32,65.5,10.5,
238,금산,2023-06-18,24.7,18.2,32.8,,,,4.9,2.4,290,16.2,34,62.3,10.2,
238,금산,2023-06-19,25.6,17.6,33.1,,,,7.8,3.9,110,17.5,39,64.6,11.1,
238,금산,2023-06-20,23.8,19.9,27.7,,.2,.3,5.9,3.9,90,14.9,42,59,3.7,
238,금산,2023-06-21,21.4,19.6,24,,1.5,4.7,5,2.3,250,19.4,79,88.8,.4,
238,금산,2023-06-22,22.2,19.3,27.3,,,,6.7,3.1,250,17.1,52,73.8,7.4,
238,금산,2023-06-23,24.4,18.1,31.5,,,,5.7,2.8,320,17,38,66.9,12.7,
238,금산,2023-06-24,25.7,18.9,32.7,,,,5.4,2.7,270,18.3,39,66.9,8.7,
238,금산,2023-06-25,24.8,18.9,31.5,,0,0,8.3,5.1,140,17.4,35,67.6,7.1,
238,금산,2023-06-26,23.2,20.5,26.3,,4.9,13.8,5.7,3,90,22.3,83,95.4,0,
238,금산,2023-06-27,25.9,22.4,30.9,,6.6,6.6,10.3,4.9,250,20.9,52,75.8,9.6,
238,금산,2023-06-28,23.5,18.6,28.4,,8.1,11,6,2.9,140,20.7,68,85.6,1.7,
238,금산,2023-06-29,24.1,21.3,27,,7.8,16,9.8,4.1,250,22.8,72,93.4,0,
238,금산,2023-06-30,24.1,22.3,26.6,,2.9,7.7,8.1,2.9,90,23.1,79,94.8,.2,
238,금산,2023-07-01,26.7,22.9,32.4,,,,4.2,2.1,270,22.4,50,80.1,7.1,
238,금산,2023-07-02,26.5,22.4,31.2,,,,5.1,2.5,20,22.2,57,79.1,5.7,
238,금산,2023-07-03,27.1,22.8,32.2,,,,4.6,2.4,140,22.7,53,79.3,7.1,
238,금산,2023-07-04,23.7,22.7,25.9,,6.7,20.6,5.1,2.4,110,22.9,80,96,0,
238,금산,2023-07-05,23.8,20.3,27.7,,3.6,13.4,7.7,3.2,250,20.6,63,83.5,6.2,
238,금산,2023-07-06,25.4,18.3,32,,,,6.2,3.4,270,18.2,30,69.5,8.5,
238,금산,2023-07-07,20.8,18.9,24.9,,8.4,16.7,4.3,2.1,110,19.6,68,93.8,0,
238,금산,2023-07-08,23.8,19.2,29.5,,.3,.7,4.2,2.3,290,21.9,70,90.4,2.9,
238,금산,2023-07-09,26.4,22,30.4,,0,0,6.6,3.3,140,23.2,65,84.1,1.8,
238,금산,2023-07-10,26.6,22.6,31.7,,,,6.7,3.7,230,21.7,49,77.3,9.1,
238,금산,2023-07-11,22.8,21.5,26.2,,11,22.5,9.1,4.2,70,22.2,72,97.1,.3,
238,금산,2023-07-12,26,21.9,30.7,,.5,.6,5.6,2.9,270,23.2,63,85.9,6,
238,금산,2023-07-13,24.8,23.8,25.5,,7.2,9.1,7.2,3.8,110,23.9,89,95.1,0,
238,금산,2023-07-14,24.4,23.5,26.5,,8.6,25.8,9.3,4.9,160,24,81,97.9,0,
238,금산,2023-07-15,24,20.9,27.3,,1.9,6,12.5,5.5,140,22.4,73,91.5,0,
238,금산,2023-07-16,24.3,21,28.4,,.6,2.4,3.8,2.1,160,22.7,70,91.8,.9,
238,금산,2023-07-17,24.9,22.6,31.5,,8.8,19,7.9,3.5,110,23.2,62,91.8,3.4,
238,금산,2023-07-18,22.6,21.6,24.3,,4.1,13.9,3.8,2.2,90,22.4,94,99.6,0,
238,금산,2023-07-19,25.2,20.8,31.3,,,,4.5,2.1,290,21.2,53,81.6,8.8,
238,금산,2023-07-20,25.5,21.4,31,,,,3.9,2,290,21.8,53,83,7.4,
238,금산,2023-07-21,26.4,22.1,34.4,,0,0,7.3,3.8,140,21.7,42,79,7,
238,금산,2023-07-22,24.6,20.5,28.9,,0,0,7,4.2,110,21,60,82.1,4.8,
238,금산,2023-07-23,25.6,23.5,28.3,,8.4,12.7,7.8,4.2,140,22.9,67,86,0,
238,금산,2023-07-24,25.3,23.1,29.8,,1.3,5.6,5.5,2.9,140,23.1,65,88.8,3.3,
238,금산,2023-07-25,25,23.1,28.8,,7.3,12.5,7.6,3.5,20,23.3,68,91.1,2.6,
238,금산,2023-07-26,25.4,22.5,32.6,,20.1,35,7.5,4.3,140,23,56,88.5,3.2,
238,금산,2023-07-27,26.1,22.1,32.7,,1.6,1.9,5.1,2.6,90,23.4,58,87,5.4,
238,금산,2023-07-28,27.5,23.3,32.8,,0,0,5.5,3,110,23.7,56,81.3,8.8,
238,금산,2023-07-29,28,23.4,33.8,,0,0,4.3,2.2,270,23.6,49,79.3,8.9,
238,금산,2023-07-30,26.6,23.3,33.2,,2.9,4.7,9.9,5.3,110,23.7,52,86.4,6.9,
238,금산,2023-07-31,26.6,22.5,31.9,,,,4.3,2,290,23.4,59,84.3,6.4,
238,금산,2023-08-01,28.3,23.4,34,,,,4.7,2,110,23.7,51,78.3,9.2,
238,금산,2023-08-02,28.5,23.7,33.9,,,,4.6,2.8,290,24.2,55,79.5,8.5,
238,금산,2023-08-03,28.7,23.6,34.1,,,,4.4,2.2,290,23.5,53,75.6,9.2,
238,금산,2023-08-04,28.6,23.9,34,,,,4.6,2.2,360,24,55,78.4,9.8,
238,금산,2023-08-05,28.9,24.6,34.7,,,,5.2,2.5,270,24.1,51,77.5,8.2,
238,금산,2023-08-06,28.7,23.3,35.2,,0,0,5.4,2.4,290,23.7,50,76.6,8.8,
238,금산,2023-08-07,29.8,25.6,35,,,,6,3.2,110,23.4,48,70.8,10.2,
238,금산,2023-08-08,28.9,24,34.8,,,,7.7,4,110,23.3,53,73.1,9.4,
238,금산,2023-08-09,25.6,23,28.1,,8.8,16.1,6,3,90,22.8,72,85.6,.3,
238,금산,2023-08-10,21.8,20.5,23.5,,4.2,16.1,10.7,4.7,320,20.7,86,93.5,0,
238,금산,2023-08-11,25.4,21.3,30.3,,.2,.3,7.8,4.6,180,21.6,56,80.8,4.1,
238,금산,2023-08-12,24.4,21.4,28.8,,1.4,5.3,3.5,1.8,110,22.3,64,89.4,1.5,
238,금산,2023-08-13,25.7,21.6,31.1,,,,3.7,1.8,290,22.8,61,85.4,2.2,
238,금산,2023-08-14,26.9,23.7,32.6,,,,4.9,2.7,90,22.9,52,81,7.4,
238,금산,2023-08-15,26.7,22.2,32.5,,,,6.1,2.7,250,22.8,55,81,7.9,
238,금산,2023-08-16,27,23.6,31.9,,,,6.3,3.5,290,22.7,55,79.4,7.2,
238,금산,2023-08-17,25.8,21.4,31.2,,0,0,3.8,2,20,22.7,61,84.4,3.8,
238,금산,2023-08-18,26.7,22.9,32.5,,.2,.6,5.3,2.4,110,22.6,51,80.5,4.9,
238,금산,2023-08-19,26.8,23.6,33.4,,1.2,1.4,4.5,2.1,140,23.9,56,85.5,5.9,
238,금산,2023-08-20,27,24.3,32.5,,.9,1.4,5.7,2.9,290,24.3,61,86.6,4.6,
238,금산,2023-08-21,27.6,23.8,34.2,,,,7.4,3.3,140,22.8,46,78.1,8.4,
238,금산,2023-08-22,27.3,22.6,33.4,,,,7.6,4.6,160,22.1,49,75.1,8.1,
238,금산,2023-08-23,27.4,24,33.4,,2.3,7.4,9,5.3,110,23.3,52,80.3,5.3,
238,금산,2023-08-24,25.7,23.3,29.1,,5.8,7.1,4.6,2.8,110,23.6,73,89.1,.6,
238,금산,2023-08-25,25.4,20.7,30.5,,,,6,2.7,290,21,50,78.4,8.3,
238,금산,2023-08-26,24.1,19.4,30.7,,,,4,2.2,270,19.8,48,80.1,8.8,
238,금산,2023-08-27,24.9,19.6,30.4,,,,4,2.5,140,20.7,51,79.6,4.4,
238,금산,2023-08-28,25.7,22.4,29.1,,0,0,6.9,3.4,90,21.6,65,78.9,1.1,
238,금산,2023-08-29,24.7,21.7,28.7,,5.8,20.6,6.4,3.2,160,22.8,69,89.8,.1,
238,금산,2023-08-30,21.2,19.9,22.5,,4.5,9.2,3.5,1.8,270,20.8,90,97.9,0,
238,금산,2023-08-31,22,18.5,27,,,,3.9,2.1,270,19.1,61,85.3,3,
238,금산,2023-09-01,21.4,16.7,29.3,,,,5.2,2.4,270,17.6,45,82.4,8.8,
238,금산,2023-09-02,22.4,15.8,29.6,,0,0,5.8,2.9,270,19.4,49,85.3,4.4,
238,금산,2023-09-03,25.2,21.4,31.2,,1.5,2.7,4.7,2.7,90,22.4,55,86.3,4.3,
238,금산,2023-09-04,26.1,22.1,31.8,,,,5.5,2.4,20,22.8,55,83.8,4.3,
238,금산,2023-09-05,25.2,20.4,30.6,,,,5.6,3,70,19.2,42,73,5.9,
238,금산,2023-09-06,24.1,18.3,30.8,,,,5.4,2.7,90,18.9,46,76.5,11.2,
238,금산,2023-09-07,22.4,17.1,29.8,,,,7.8,3.5,70,16.4,35,74.1,10.3,
238,금산,2023-09-08,21.5,14.9,29.1,,,,5.1,2.6,140,16.1,44,74.6,12.1,
238,금산,2023-09-09,22.2,16.2,30.1,,,,4.4,2,270,17.7,47,78.8,9.4,
238,금산,2023-09-10,23.2,17.8,30.7,,,,4.5,2.1,270,18.9,35,79.8,7.3,
238,금산,2023-09-11,23.9,19.7,29.7,,,,4.5,2.7,270,19.5,50,78.9,7,
238,금산,2023-09-12,23.4,19.4,28.8,,,,3.9,2.1,270,19.3,55,79.3,5.1,
238,금산,2023-09-13,20.8,19.1,22.8,,2.8,4.3,3.7,2,290,20,83,95.4,0,
238,금산,2023-09-14,21.6,19,25.3,,.9,2.6,3.9,1.9,90,20.2,75,92.3,.1,
238,금산,2023-09-15,21.7,20.7,23.7,,1.3,3.2,3.5,1.8,110,21.3,87,98,0,
238,금산,2023-09-16,22.7,21.1,27.9,,1.7,6.6,4.5,2.7,90,21.8,73,95.9,1.2,
238,금산,2023-09-17,23,20.7,27.9,,12.6,30.9,4,1.9,290,21.5,71,92.3,1.3,
238,금산,2023-09-18,23.4,20.1,29.7,,,,5.7,3.2,270,20.5,55,85.9,7.5,
238,금산,2023-09-19,22.1,18.6,27.6,,,,3.5,1.7,290,19.2,58,85.8,5,
238,금산,2023-09-20,20.5,19.6,22.5,,8,27.5,6.4,2.9,140,20.2,85,98.5,0,
238,금산,2023-09-21,19.1,17.4,21.8,,.8,3,4,2.5,320,18.2,76,94.6,0,
238,금산,2023-09-22,18.5,13.8,24.3,,,,4.8,2.4,270,15.1,50,83.5,7.6,
238,금산,2023-09-23,17.5,12.5,24.4,,,,6.5,3.4,70,14.1,47,83.6,5,
238,금산,2023-09-24,19.6,13.2,25,,,,7.1,3.4,110,12.9,46,68.5,9.8,
238,금산,2023-09-25,20.7,16.9,26.2,,.6,1.3,3.8,1.9,90,16.9,56,80.6,3,
238,금산,2023-09-26,20.2,19.1,21.5,,1.7,7.1,3.1,1.7,90,19.9,95,99.3,0,
238,금산,2023-09-27,20.8,18.7,23.3,,.3,.8,4,2,250,19.5,79,92.8,0,
238,금산,2023-09-28,20.9,16.9,26.2,,,,5.8,2.5,270,17.9,55,85.3,6.1,
238,금산,2023-09-29,18.9,15.6,24.7,,,,3.9,1.7,340,15.2,31,82.6,.6,
238,금산,2023-09-30,18.1,14.5,23.5,,1,2.9,5.6,2.7,290,14.9,55,83.6,5.7,
238,금산,2023-10-01,15.9,10.3,22.5,,,,7.5,3.7,320,10.1,30,73.8,10.1,
238,금산,2023-10-02,14.3,8.2,23.2,,,,7.3,3.2,270,8.6,31,75,10.2,
238,금산,2023-10-03,13,8.6,18,,0,0,4.1,2.2,270,11.1,69,89.3,.2,
238,금산,2023-10-04,16.9,10.4,23.6,,,,7.8,3.5,290,12.6,52,78.6,6.5,
238,금산,2023-10-05,13.9,9.1,19.1,,,,8.9,3.6,290,2.6,32,49.4,9.8,
238,금산,2023-10-06,13.5,7.6,20.6,,,,5.4,2.9,290,7.3,31,70.8,8.7,
238,금산,2023-10-07,14.5,8.9,19.9,,,,3.6,1.9,270,10.6,52,80,2.3,
238,금산,2023-10-08,16.3,13,21.4,,0,0,6.4,3.2,90,11.2,47,74,.9,
238,금산,2023-10-09,15.6,11.3,22.1,,,,4.6,1.9,270,12,53,80.8,2.7,
238,금산,2023-10-10,15.1,10.7,21.9,,,,4.7,2.4,270,11,46,79.8,7.9,
238,금산,2023-10-11,14,8.8,23.2,,,,5.3,2.6,70,8.9,29,77.4,8.4,
238,금산,2023-10-12,13.5,7,22.8,,,,4.9,2.7,270,8.3,28,76.8,7.8,
238,금산,2023-10-13,14.8,9.3,22.4,,,,5,2.9,290,10.2,42,77.5,4.4,
238,금산,2023-10-14,12.7,7.6,21.2,,1.2,1.7,7.2,3.4,230,10.6,45,88.9,4.1,
238,금산,2023-10-15,13.4,9,20.8,,,,7.4,3.4,270,9.9,51,82.3,6,
238,금산,2023-10-16,13,6.8,19.9,,,,5.9,2.8,270,7.9,42,75,8.2,
238,금산,2023-10-17,10.3,3.4,20.4,,,,4.9,2.5,290,4.9,25,76.8,8.1,
238,금산,2023-10-18,12.6,5,24.3,,,,5.5,2.8,270,7.2,28,76.3,8.2,
238,금산,2023-10-19,14.1,8.5,21.3,,.6,.8,5.6,2.6,140,11.7,57,87.4,.4,
238,금산,2023-10-20,11.6,6.6,16.3,,.3,1,10.1,4.4,290,4.4,34,64.4,8.3,
238,금산,2023-10-21,8.7,1.6,17.2,,0,0,9.5,4.3,250,4.2,39,76,7.6,
238,금산,2023-10-22,9.8,2,17.9,,,,5.7,2.5,270,5.3,33,77.3,7.5,
238,금산,2023-10-23,11.3,5.4,20.1,,,,4.8,2.4,250,8.1,47,84.4,6,
238,금산,2023-10-24,12.1,6.5,21.3,,,,5.1,2.2,250,8.7,46,83.6,6.4,
238,금산,2023-10-25,13.4,7.6,22.5,,,,4.2,2.1,340,10.2,48,84.8,7.9,
238,금산,2023-10-26,14.4,8.3,22.3,,1.2,1.2,4.9,2.7,250,11.6,51,86,6.6,
238,금산,2023-10-27,12.7,8.2,18.3,,,,5.4,2.5,320,9.3,54,81.9,5.2,
238,금산,2023-10-28,11.5,6.5,19.2,,,,5.5,2.8,270,8.6,51,85.3,4.8,
238,금산,2023-10-29,11.1,5.2,20.7,,,,3.5,1.8,270,7.4,43,82.4,7.9,
238,금산,2023-10-30,11.6,5.5,21.6,,,,4.7,2.1,270,7.7,36,81.9,7.3,
238,금산,2023-10-31,11.6,5.5,23.3,,,,5.2,2.8,250,5.5,18,75,7,
238,금산,2023-11-01,15,5.4,24,,,,10.1,3.7,270,10.3,49,76.5,8.9,
238,금산,2023-11-02,16.6,9.7,26.7,,,,8.9,3.6,250,8.1,19,66.8,9.7,
238,금산,2023-11-03,16.3,8.1,24.3,,,,7.3,3.9,270,11.4,45,75.1,6,
238,금산,2023-11-04,17.1,13.4,21.5,,,,3.7,1.6,140,14.8,69,87.6,.4,
238,금산,2023-11-05,17.9,13.3,24.7,,,,10,4.6,110,14.9,48,85.3,3,
238,금산,2023-11-06,15.3,9.8,21.6,,,,16,7.8,270,9.5,42,69.8,1.9,
238,금산,2023-11-07,8,1.5,12.8,,,,10.4,4.6,270,.4,35,61.1,7.9,
238,금산,2023-11-08,6.4,-1.3,17.8,,,,4.7,2,270,.4,24,71.8,9.5,
238,금산,2023-11-09,10.7,1.2,18.8,,,,5.2,2.3,270,7.6,57,83.3,2.8,
238,금산,2023-11-10,5.6,-1.1,11.4,,,,7.7,4,290,-3.7,23,57.1,7.5,
238,금산,2023-11-11,.8,-3.2,5.2,,,,4.6,2.1,320,-4.3,43,70.8,4.2,
238,금산,2023-11-12,.7,-3.1,4.8,,,,6.2,3,270,-2.9,54,78,2.8,
238,금산,2023-11-13,.8,-5.4,7.9,,,,6,2.8,270,-4.4,38,72.3,9.4,
238,금산,2023-11-14,4.6,-2.9,11.8,,,,5.7,2.7,270,-.1,45,73.9,5.8,
238,금산,2023-11-15,5.9,1.6,13,,,,5.4,2.1,250,1.3,41,75.8,9.1,
238,금산,2023-11-16,4.2,.8,7,,,,2.3,1.1,140,3.5,83,95.4,0,
238,금산,2023-11-17,2.9,-.1,6.8,,,,8.7,4.1,290,-.9,28,76.3,4.1,
238,금산,2023-11-18,1.8,-2.9,6.8,,,,10.7,4.8,270,-3.1,54,70.3,,
238,금산,2023-11-19,6.8,-.8,12.7,,,,8.9,3.9,250,2.8,60,77.4,4.1,
238,금산,2023-11-20,4.1,-1.6,13.2,,,,4.3,2.4,270,-2,25,70.1,9.4,
238,금산,2023-11-21,4.2,-3.5,16.5,,,,5.2,2.1,320,-1.9,20,71.1,9.4,
238,금산,2023-11-22,6.2,-2.3,16.5,,,,8.3,4.2,270,2.6,44,80.8,8.3,
238,금산,2023-11-23,12.1,6,17.8,,,,10.8,5.8,270,5.2,30,64.6,7.2,
238,금산,2023-11-24,1.1,-3.6,6.1,,,,11.2,5.1,290,-7.7,31,53,8.5,
238,금산,2023-11-25,-2,-7,4.9,,,,4,1.8,270,-11,19,55.5,9.3,
238,금산,2023-11-26,2.6,-4.5,8.3,,,,3.1,1.8,110,-3.8,21,67.5,4.4,
238,금산,2023-11-27,6.8,3.9,10.6,,,,11,5,250,4.9,68,89.1,.1,
238,금산,2023-11-28,3.6,-.6,7,,,,8.8,4.2,270,-2.4,41,66.6,6.8,
238,금산,2023-11-29,2.5,-.3,7.2,,,,11.1,5.6,290,-1.9,48,72.9,.5,
238,금산,2023-11-30,-2.1,-5.1,1.2,,,,6.7,3.3,290,-9.3,41,59.1,8.9,
238,금산,2023-12-01,-2.6,-6.7,2.8,,,,8.4,4.2,270,-7.6,44,71,7.5,
238,금산,2023-12-02,2.2,-5.1,7.3,,,,7.5,3.8,270,-2.8,54,70.6,1.1,
238,금산,2023-12-03,1.5,-3.7,7.9,,,,6.3,2.7,340,-4.6,35,67,9.1,
238,금산,2023-12-04,.6,-6.4,10.1,,,,4.5,2.3,360,-4.6,29,72.4,5.8,
238,금산,2023-12-05,1.8,-4.2,12.1,,,,4.1,2.1,270,-2.6,39,75.5,7.2,
238,금산,2023-12-06,5,-2.9,13.5,,,,9.9,4.8,290,1.4,49,79.5,.9,
238,금산,2023-12-07,4.6,-.6,10.6,,,,9.3,4.4,270,-1.6,45,65.5,8.5,
238,금산,2023-12-08,9.8,-1.5,18.8,,,,10.7,4.7,180,3.2,37,68.5,8.5,
238,금산,2023-12-09,11.4,5.7,19.4,,,,6.4,3.6,160,7.1,43,77.9,8.5,
238,금산,2023-12-10,10.9,4,18.2,,,,3.6,1.6,90,7.1,54,80,4.2,
238,금산,2023-12-11,11.2,9.5,13.1,,,,5.8,2.8,90,9.8,71,91.6,0,
238,금산,2023-12-12,8.1,5,10.7,,,,5.3,2.9,110,5.3,65,83.5,.6,
238,금산,2023-12-13,8.7,4.2,13.2,,,,4,1.8,110,4.8,57,78.3,3.8,
238,금산,2023-12-14,8.8,7.4,9.7,,,,2.9,1.7,160,7,74,89.4,0,
238,금산,2023-12-15,9.4,5.9,13.8,,,,7.5,3.1,270,8.7,86,96.1,0,
238,금산,2023-12-16,-1.3,-6.1,6,,,,14.4,6.4,270,-4.5,65,79,1,
238,금산,2023-12-17,-8.2,-11.5,-4.3,,,,6.2,3.4,320,-12.6,51,71.3,8.9,
238,금산,2023-12-18,-5.6,-10.7,-1.8,,,,3.9,2.2,290,-11.4,47,65.9,4.8,
238,금산,2023-12-19,-1.9,-6.5,1.6,,,,2.6,1.6,290,-7,50,69.3,.9,
238,금산,2023-12-20,-5.2,-9.5,0,,,,8.1,4.1,290,-8.7,57,76.6,.1,
238,금산,2023-12-21,-9.6,-13.3,-5.2,,,,7.3,3.4,270,-13.8,51,72.5,8,
238,금산,2023-12-22,-9.5,-14.5,-4.8,,,,8.3,3.7,270,-14.2,43,70.4,9,
238,금산,2023-12-23,-6.7,-13.3,.4,,,,4.5,2.1,250,-10.8,45,74.1,8.2,
238,금산,2023-12-24,-2.9,-6.8,2.3,,,,5.6,2.8,320,-5.2,60,84.6,2.9,
238,금산,2023-12-25,-1.3,-5.9,3.5,,,,6.1,3.1,270,-3.6,56,85.6,3.5,
238,금산,2023-12-26,.9,-2.7,6.9,,,,8.1,3.3,270,-2.3,52,80.8,4.7,
238,금산,2023-12-27,1.5,-3.3,8.9,,,,3.8,1.6,250,-1.4,51,83.1,7.8,
238,금산,2023-12-28,.5,-3.1,7.1,,,,4.8,2.7,270,-2.1,41,85.1,4.2,
238,금산,2023-12-29,.7,-3.3,7.4,,,,4.8,2.3,270,-2.2,53,82.8,6.8,
238,금산,2023-12-30,.4,-3.9,3.7,,,,2.5,1.5,110,-.4,73,94.8,.2,
238,금산,2023-12-31,3.9,.7,7.1,,,,8.9,4.1,270,1.8,78,87.1,0,
238,금산,2024-01-01,2.7,-1,7.3,,,,3.6,1.7,270,.7,62,87.8,2.4,
238,금산,2024-01-02,3.7,2,6.5,,,,6.7,3,270,.4,62,79.3,.1,
238,금산,2024-01-03,1.7,-1.4,5.6,,,,6.9,3.2,290,-.5,57,86.3,.6,
238,금산,2024-01-04,-.7,-5,6.9,,,,5.4,2.8,270,-2.9,47,86.6,6.6,
238,금산,2024-01-05,4.3,-3.4,8.9,,,,6.5,3.2,270,1,63,80.1,.1,
238,금산,2024-01-06,1.4,-3.2,6.8,,,,5.5,2.8,270,-3.8,36,71.1,8.9,
238,금산,2024-01-07,-1.8,-5.5,1.7,,,,9.8,4.6,290,-9.4,36,57.4,7.4,
238,금산,2024-01-08,-4.4,-10.6,2.9,,,,5.1,2.6,340,-11.9,24,60.6,9.2,
238,금산,2024-01-09,.4,-5.8,6.6,,,,3.3,1.9,270,-3,55,79.1,.2,
238,금산,2024-01-10,-.8,-4.2,1.9,,,,4.1,2.2,290,-2.3,76,89.5,1.6,
238,금산,2024-01-11,-.2,-5.3,4.3,,,,6.4,3.6,250,-2.9,59,83.1,1.8,
238,금산,2024-01-12,2.6,-3.5,7.9,,,,7,3.9,270,-3.9,29,66.3,8.8,
238,금산,2024-01-13,-1.4,-7.1,6.4,,,,5,2.2,290,-7.5,29,67,9.2,
238,금산,2024-01-14,1.9,-7,11,,,,13.1,5.6,270,-1.3,49,81.3,4.9,
238,금산,2024-01-15,-1.9,-5.7,2.8,,,,5.9,3.1,290,-8.2,31,63.9,9.1,
238,금산,2024-01-16,-3,-8.9,4.7,,,,2.9,1.2,270,-8.4,31,69.6,8,
238,금산,2024-01-17,.9,-4.4,3.8,,,,2.7,1.4,140,-1.1,63,86.9,0,
238,금산,2024-01-18,5.7,3.3,7.8,,,,4.2,2.6,290,5,82,95.6,0,
238,금산,2024-01-19,5.5,4.6,7.5,,,,8.2,4.2,90,1,64,72.9,1.1,
238,금산,2024-01-20,3.9,2.6,5.2,,,,6.8,3.7,110,2,73,88.1,0,
238,금산,2024-01-21,3.2,.1,8,,,,5.6,2.3,270,1.8,66,91,.2,
238,금산,2024-01-22,-5.4,-8.5,.1,,,,11.2,5.2,290,-10.5,54,67.4,3.4,
238,금산,2024-01-23,-8.2,-9.8,-5.5,,,,10.9,5.2,290,-14.3,51,61.8,4,
238,금산,2024-01-24,-6.1,-9.7,-2.3,,,,10.4,4.9,290,-12.7,42,60.6,8.5,
238,금산,2024-01-25,-5.2,-11.6,.8,,,,6.5,3.4,270,-11.5,32,64.4,9.5,
238,금산,2024-01-26,-2.8,-9.5,4.8,,,,5.5,3,270,-6.8,49,75.4,7,
238,금산,2024-01-27,-.1,-4.5,6.1,,,,6.6,2.9,270,-7.3,24,63.5,9.2,
238,금산,2024-01-28,-1.1,-5.3,4.7,,,,6.4,3,250,-5.9,46,71.1,5.8,
238,금산,2024-01-29,-2.2,-7.2,4.6,,,,4.5,2.6,270,-6.9,39,73.1,7.2,
238,금산,2024-01-30,-.5,-8.2,9.8,,,,2.4,1.5,270,-6.6,29,67.8,9.3,
238,금산,2024-01-31,5.1,-.7,13.3,,,,4.3,2.2,270,-3,28,57.8,4.8,
238,금산,2024-02-01,4.3,2.5,7.8,,,,3.1,1.7,270,-1.9,46,64.5,.3,
238,금산,2024-02-02,3.7,-1.5,10.1,,,,7.3,3.8,140,-1.3,42,71.4,6.8,
238,금산,2024-02-03,2.8,-2.9,9.1,,,,4.1,2.2,70,.2,54,84.5,0,
238,금산,2024-02-04,5.2,1.3,9.7,,,,5.8,2.9,90,2.6,63,84.6,1.1,
238,금산,2024-02-05,3.5,1.5,5.5,,,,8.9,3,90,1.9,78,90,0,
238,금산,2024-02-06,1.7,.4,3.8,,,,4.9,2.4,290,.3,79,90.9,0,
238,금산,2024-02-07,.3,-3,4.3,,,,4.7,2.3,290,-5,44,68.4,4.2,
238,금산,2024-02-08,-.7,-6.2,6.3,,,,4.7,2.6,360,-4.6,45,77.6,7.8,
238,금산,2024-02-09,-.3,-5.5,6.1,,,,6,3.1,250,-4.9,37,73.9,7.8,
238,금산,2024-02-10,0,-6,7.3,,,,7.7,3.7,270,-4.2,38,76.6,5.9,
238,금산,2024-02-11,-.3,-6,5.9,,,,9.5,4.3,270,-4.2,44,76.8,3.4,
238,금산,2024-02-12,1.8,-6,12,,,,5.6,3.1,270,-5.9,18,64.8,9.8,
238,금산,2024-02-13,6.7,-3.5,16.5,,,,8.1,4.6,230,.5,38,68.1,10,
238,금산,2024-02-14,11.1,6.4,17.8,,,,6.2,3.8,290,8.2,60,84.1,2.1,
238,금산,2024-02-15,4.7,-.1,11.7,,,,10.7,4.5,270,3,72,89.3,.5,
238,금산,2024-02-16,1.9,-3.3,9.1,,,,4.5,2.4,290,-2.5,43,75.9,10,
238,금산,2024-02-17,3.7,-4.7,14.4,,,,4.4,2.1,90,-.9,38,76.3,10.3,
238,금산,2024-02-18,4.1,-3.7,9.9,,,,2.5,1.4,140,2.3,46,90.5,.1,
238,금산,2024-02-19,10.3,5.4,15.2,,,,9.1,3.8,270,9.4,83,94.6,.1,
238,금산,2024-02-20,5.8,4.6,8.3,,,,6.7,3.4,110,4.6,83,92.5,0,
238,금산,2024-02-21,4.1,3,5.5,,,,7.3,3.8,90,2.9,84,91.9,0,
238,금산,2024-02-22,2.1,.9,3.3,,,,6.2,3.1,110,-.2,72,84.9,0,
238,금산,2024-02-23,2.5,.1,6,,,,6.7,3.1,90,-1.6,58,74.6,0,
238,금산,2024-02-24,2.7,.2,7.1,,,,8.6,3.6,90,-2.3,51,71.4,1.3,
238,금산,2024-02-25,2.3,.2,5,,,,3.7,1.9,270,.7,75,89.9,.3,
238,금산,2024-02-26,3.2,-.7,9.1,,,,4.5,2.3,290,-1.2,43,75.1,5.6,
238,금산,2024-02-27,3.4,-2.1,10,,,,7.3,3.6,90,-2.6,39,68,7.2,
238,금산,2024-02-28,4.5,-1.6,11.4,,,,4.2,2.2,70,-1.9,38,65.9,4.9,
238,금산,2024-02-29,3.5,1.6,6.3,,,,5.7,2.9,290,.4,61,80.8,0,
238,금산,2024-03-01,-2.3,-6.3,2.7,,,,11.3,5.6,270,-13.1,27,44.4,10.5,
238,금산,2024-03-02,-1.2,-9.3,3.9,,,,8.8,4.1,270,-9.1,32,56.8,10.1,
238,금산,2024-03-03,4.9,1,9.4,,,,10.8,4.9,270,.4,42,74.3,3.5,
238,금산,2024-03-04,6.5,-.3,13.7,,,,4.8,2.3,90,-.7,30,64.5,6.8,
238,금산,2024-03-05,5.7,4.2,7.7,,,,8.3,3.1,70,3.1,61,84,0,
238,금산,2024-03-06,7.2,1.7,11.6,,,,6.5,2.7,360,1,45,66.6,4.9,
238,금산,2024-03-07,3.9,0,7.2,,,,7.6,4.4,250,-3.6,37,59.6,5.8,
238,금산,2024-03-08,1.7,-3.2,8,,,,13.8,6.3,290,-7.5,24,54.4,9.2,
238,금산,2024-03-09,1.1,-5.9,7.7,,,,6.4,3.2,340,-7.7,23,57.1,10.9,
238,금산,2024-03-10,2.9,-6,12.1,,,,6.2,2.4,270,-6.5,18,57.5,10.9,
238,금산,2024-03-11,5.1,-3.2,12.3,,,,7.6,4.1,180,-2.1,24,63.5,4.2,
238,금산,2024-03-12,3.9,-.8,10.5,,,,7.4,3.3,290,2.1,60,88.5,.5,
238,금산,2024-03-13,4.4,-1.6,12.1,,,,11.5,3.8,250,-1.7,32,70.5,8.4,
238,금산,2024-03-14,5.7,-3.1,15.3,,,,7.4,3.3,250,-1.5,21,65.5,10.7,
238,금산,2024-03-15,7.3,-2.9,17.8,,,,7.3,3.7,270,-4.1,15,53.3,10.9,
238,금산,2024-03-16,10,-2.2,20.9,,,,9.3,4,270,-2.5,17,47.5,8.6,
238,금산,2024-03-17,9.5,2.6,15.5,,,,9.7,5.3,290,-.4,20,52.8,7,
238,금산,2024-03-18,6.8,-2.7,15.6,,,,6.6,3.5,250,-8.5,12,41.1,10.2,
238,금산,2024-03-19,6.4,2.6,12.7,,,,12.9,6.2,270,-2.4,25,55.4,3.1,
238,금산,2024-03-20,3.9,-.7,9.1,,,,9.8,4.8,270,-6.3,22,50.1,9.6,
238,금산,2024-03-21,3.4,-5.1,11.3,,,,6.4,3.2,320,-5.2,27,57.6,11.2,
238,금산,2024-03-22,9.4,-1.3,17.3,,,,11.5,6.8,180,1.4,24,61.5,5.6,
238,금산,2024-03-23,15.2,10.5,21.2,,,,8.3,3.4,270,3.7,21,51,10.1,
238,금산,2024-03-24,13.4,10.1,16.8,,,,6.5,3.1,90,3.4,36,52.8,.6,
238,금산,2024-03-25,9.3,6.3,13.2,,,,9.2,4,90,5.6,61,78.8,0,
238,금산,2024-03-26,6.7,3.2,12.2,,,,5.5,3,360,3.7,55,83,2.1,
238,금산,2024-03-27,8.6,.7,17.8,,,,4.9,2.2,290,3.8,40,76.1,6.6,
238,금산,2024-03-28,8.3,7.5,9.3,,,,3.2,1.7,140,7.8,82,97,0,
238,금산,2024-03-29,8.8,2.3,16.6,,,,16.4,7.4,250,4.9,32,78.5,3,
238,금산,2024-03-30,8.6,-.6,17.3,,,,8,3.8,270,4.7,34,78,5,
238,금산,2024-03-31,10.3,1.1,19.2,,,,4.3,2.4,290,-1.2,12,54.8,10.9,
238,금산,2024-04-01,11.1,.7,21.8,,,,7.1,3.2,270,.1,16,55.3,11.7,
238,금산,2024-04-02,14.9,3.2,26,,.8,2.4,7.6,4.5,160,2.6,11,53.6,8.8,
238,금산,2024-04-03,13,11.6,14.2,,.7,3.3,3.9,2,110,12.4,89,96.5,0,
238,금산,2024-04-04,11.5,8.5,14.8,,1,2.3,4.5,2.3,110,10.1,71,92,0,
238,금산,2024-04-05,11.3,8,17.6,,.1,.3,4.6,2.4,160,7.4,52,78.6,3.4,
238,금산,2024-04-06,11.7,5.8,19.9,,,,5.1,2.2,270,5.9,33,73.1,5,
238,금산,2024-04-07,14,4.9,23.9,,,,4.8,2.4,250,4.3,20,60.5,11.1,
238,금산,2024-04-08,15.1,5.9,23.1,,,,4.7,2.2,270,5.3,25,57.9,4,
238,금산,2024-04-09,14.3,7,21.3,,,,6.4,3.3,90,3.4,27,52.3,10.6,
238,금산,2024-04-10,13.8,8,21,,,,4.9,2.7,140,5.3,36,57.9,10.2,
238,금산,2024-04-11,15.1,10.2,22.9,,,,6,2.9,270,8.2,25,67.8,5.9,
238,금산,2024-04-12,15.5,7.1,24.4,,,,4.5,2.2,270,7.2,22,64.9,9.3,
238,금산,2024-04-13,17.9,8,27.5,,,,5.4,2.4,270,7.8,25,59.3,11.8,
238,금산,2024-04-14,19,8.2,28.5,,,,6.5,4.1,160,7,18,52.1,10.5,
238,금산,2024-04-15,16.2,12.9,19.9,,2.5,5,8.3,4.3,160,12.9,51,82.3,0,
238,금산,2024-04-16,13.5,8.5,20.3,,0,0,8.4,3.8,270,8.5,40,75.6,7.3,
238,금산,2024-04-17,14.3,5.6,22.6,,,,5.7,2.8,270,6.3,28,64,10,
238,금산,2024-04-18,16.1,6.3,24.8,,,,6.6,3.2,290,5.2,19,56.1,11.3,
238,금산,2024-04-19,16.9,6.6,26.8,,,,5.8,3.2,270,4.7,13,52.8,10.6,
238,금산,2024-04-20,13.9,12.3,15,,.5,.9,5.6,2.2,140,10.6,58,81.1,0,
238,금산,2024-04-21,15.5,13.7,17.4,,,,5.2,2.7,90,11.7,69,78.3,0,
238,금산,2024-04-22,15.3,9.9,21.6,,.2,.3,6.9,3.5,70,10.3,51,74,2.1,
238,금산,2024-04-23,14.8,7.4,21.7,,0,0,7.3,3.8,70,8.1,43,67,6.9,
238,금산,2024-04-24,12.8,9.8,17.6,,2.4,5.4,8.8,4.4,250,9.4,59,80.9,5.1,
238,금산,2024-04-25,14.6,7.1,24.2,,,,5.1,2.6,340,8.4,30,71.6,9.9,
238,금산,2024-04-26,16.5,8.8,26.3,,,,5.9,2.8,270,9.6,35,68.5,8.7,
238,금산,2024-04-27,17.1,7.5,27.2,,,,5.6,3,270,6.7,17,59.1,12.6,
238,금산,2024-04-28,18.1,7.2,28.6,,,,5.3,2.8,290,8.8,22,60.8,9.8,
238,금산,2024-04-29,15.5,14.2,17.4,,.2,.6,4.9,2.8,140,12.7,70,84.5,0,
238,금산,2024-04-30,15.5,12.7,20.5,,,,4.8,2.5,270,12.2,62,81.9,.6,
238,금산,2024-05-01,14.5,10.5,20.6,,,,5.8,3,70,7.2,38,64.4,5.5,
238,금산,2024-05-02,15.7,8.3,23.9,,,,6.6,3.4,20,7.5,29,63,11.4,
238,금산,2024-05-03,16.7,6.2,26.7,,,,4.7,2.3,250,6.1,22,57.5,12.9,
238,금산,2024-05-04,19.5,8.1,28.8,,,,8.5,3.4,70,9.8,18,59.8,12.3,
238,금산,2024-05-05,18.3,17.7,20.8,,1.2,4.6,7.9,3.9,140,16.5,65,90,0,
238,금산,2024-05-06,14.6,13.1,17.9,,.8,1.4,7.9,2.8,250,12.3,75,86.5,0,
238,금산,2024-05-07,12.6,10.7,14,,1.3,3.5,5.7,2,90,11.6,83,93.9,0,
238,금산,2024-05-08,13.2,8.2,19.2,,.3,1.1,6.3,3.1,70,6.6,38,67.9,10.1,
238,금산,2024-05-09,13.9,5.2,21.9,,,,7.8,4.4,230,6,32,65,11.2,
238,금산,2024-05-10,16.2,6.6,26.2,,,,6.4,3.3,270,8.3,32,64.3,12.3,
238,금산,2024-05-11,18.7,10.9,24.7,,1.2,4.9,10.1,5.7,180,12.6,44,71.1,7.4,
238,금산,2024-05-12,16,10.3,22.1,,.4,1.4,8.9,3.2,290,8.8,29,67.1,9.8,
238,금산,2024-05-13,15.8,7,24.5,,,,7.1,3.3,290,6.5,19,63,13.3,
238,금산,2024-05-14,16.7,7.6,25.5,,,,6.2,2.9,340,8.7,31,64.8,13.2,
238,금산,2024-05-15,13.1,6.9,23.5,,1,2.8,9.5,4.2,270,7.7,32,74.5,8.9,
238,금산,2024-05-16,13.4,6.8,19.3,,.7,2.3,10.3,4.7,290,5.8,32,63.8,12.3,
238,금산,2024-05-17,17.1,8.4,25.5,,,,6.2,3,270,8.4,30,62.1,11.2,
238,금산,2024-05-18,18.8,8.5,28.1,,,,5.9,3,250,10,27,62.9,12.8,
238,금산,2024-05-19,19.9,12.1,28.7,,,,6.8,3.1,340,11,25,62.3,10.7,
238,금산,2024-05-20,17.9,9.1,25.4,,,,6,2.9,290,11.4,45,68.6,8.5,
238,금산,2024-05-21,19.3,13.1,26.7,,,,5.5,2.7,70,14.6,48,77.3,9.3,
238,금산,2024-05-22,20.4,13.2,28,,,,5.7,3.1,290,14.5,45,72,9,
238,금산,2024-05-23,21,14.1,28.8,,,,5.7,2.9,270,13.2,26,66.1,12.7,
238,금산,2024-05-24,20.6,11.7,28.5,,,,5.7,2.8,270,14.5,48,70.4,12.3,
238,금산,2024-05-25,18.6,15.2,21.4,,,,4.5,2.4,90,11.1,52,63,.1,
238,금산,2024-05-26,20,11.8,27.4,,2.5,5.9,11.4,6.7,180,15.7,45,79.9,7,
238,금산,2024-05-27,17.6,13.2,22.1,,0,0,8.1,3.4,270,10.6,41,66.3,9.3,
238,금산,2024-05-28,17.1,10.3,24.2,,,,6.8,3.2,20,10.7,38,70.1,9.3,
238,금산,2024-05-29,19.2,9.9,27.1,,,,5.7,2.8,340,11.5,37,65.9,13.3,
238,금산,2024-05-30,19.5,13.5,24.8,,0,0,4.2,1.8,250,13.1,48,69,.8,
238,금산,2024-05-31,20.3,15.2,26.3,,,,7,3.2,270,11.6,33,59.4,12.9,
238,금산,2024-06-01,18.9,14.7,25.1,,0,0,7.3,3.8,290,10.9,33,61.5,8.7,
238,금산,2024-06-02,18.3,10.7,25.6,,,,6.7,3.2,290,10.3,33,63.6,10.7,
238,금산,2024-06-03,18.8,10.6,26.7,,,,5.1,2.5,50,11,36,64.9,9.9,
238,금산,2024-06-04,19.8,13.2,27.6,,,,6.1,3,270,8.4,18,56.3,12,
238,금산,2024-06-05,20.9,11,29.7,,,,6.7,3.1,160,12.4,28,63,10.7,
238,금산,2024-06-06,21.5,16.3,28.6,,0,0,5.4,2.3,270,13.8,36,65.4,7.9,
238,금산,2024-06-07,21.2,13.5,28.1,,,,4.6,2,270,13.5,42,64,6.4,
238,금산,2024-06-08,19.3,17.5,22.9,,1,2.6,4.8,2.8,140,17.5,65,90.3,.9,
238,금산,2024-06-09,22.3,17.5,29.4,,,,4.7,2.4,320,16.8,42,74.9,8.5,
238,금산,2024-06-10,23.7,15.9,31.7,,,,6.6,3,270,15.8,32,66,11.9,
238,금산,2024-06-11,24.4,17.2,31.3,,,,6,3.1,290,16.1,40,62.4,12.4,
238,금산,2024-06-12,24.4,16.2,32.9,,,,5,2.8,320,13.1,20,56,12.7,
238,금산,2024-06-13,24.7,15.5,33.8,,,,6.3,3.2,270,13.4,23,55.4,13.3,
238,금산,2024-06-14,25.2,17.1,32.4,,0,0,6.5,2.9,270,16.6,38,61.8,11.3,
238,금산,2024-06-15,24.3,20.1,29.7,,0,0,7.5,3.8,290,18.6,53,71.6,7.1,
238,금산,2024-06-16,23.4,18.8,29.7,,,,7.9,3.7,270,15.6,33,65.5,11.7,
238,금산,2024-06-17,21.6,15.2,27.9,,,,3.5,2,290,14.4,32,67.5,4.1,
238,금산,2024-06-18,23.8,13.9,32.9,,,,7.8,4,270,13.2,23,57.9,13.5,
238,금산,2024-06-19,25.6,15.4,36.7,,,,6.5,3.9,270,13.8,17,53.9,10.7,
238,금산,2024-06-20,23.2,16.7,30,,,,7.1,4.2,90,14.4,33,60.9,4.2,
238,금산,2024-06-21,24.9,16,32.6,,,,4.5,2.4,290,16.3,37,62.1,10.3,
238,금산,2024-06-22,23,21.8,24.4,,2.6,5.3,4.6,2.6,90,21.9,70,94.3,0,
238,금산,2024-06-23,23.5,21.8,26.9,,.2,.5,5.4,2.6,250,21.1,69,87.5,2,
238,금산,2024-06-24,24.5,19.6,29.6,,0,0,7.3,3.3,230,18.2,52,69.1,7.7,
238,금산,2024-06-25,22,16,27.4,,,,6,3,250,14.5,40,65.5,11.2,
238,금산,2024-06-26,22.8,15.7,30.1,,,,5.2,2.3,290,15.1,35,66,11.8,
238,금산,2024-06-27,21.8,16.5,27.4,,,,5.1,2.6,110,15.3,40,69.5,1.1,
238,금산,2024-06-28,24.4,16,31.7,,,,6.1,3,290,16.3,35,64.1,12.4,
238,금산,2024-06-29,24,20.4,29.3,,5.8,12.9,8,4.9,140,20.5,57,82.5,4,
238,금산,2024-06-30,24.1,23,25.9,,5.7,22.1,10.5,4.4,270,22.6,79,91.4,.6,
238,금산,2024-07-01,25.2,21.5,30.1,,,,5.3,2.5,320,20.8,53,78.9,9.1,
238,금산,2024-07-02,25.1,20.7,29,,4,11.7,10.4,5.5,140,22.4,67,86.5,0,
238,금산,2024-07-03,25.3,22.2,29.2,,5.4,15.2,8.1,4.1,270,21.6,60,80.9,4.2,
238,금산,2024-07-04,27.2,20.6,31.9,,0,0,7.7,3.2,160,21.4,43,73.3,10.2,
238,금산,2024-07-05,25.3,22.6,29,,.9,1.4,12.3,4.7,250,20.1,56,74,5.4,
238,금산,2024-07-06,27.6,22.1,30.8,,,,12.7,4.5,160,22.6,63,75.5,2,
238,금산,2024-07-07,26.6,23.6,28.6,,6.1,7.3,10.2,4.9,230,24.1,71,86.8,0,
238,금산,2024-07-08,24.4,22.3,27.9,,9.7,21.8,11.9,3.7,160,23.6,74,95.9,0,
238,금산,2024-07-09,23.1,21.3,26.3,,3.6,7,7.2,2.9,140,22.6,83,97.5,0,
238,금산,2024-07-10,22.3,21.1,24.6,,17.6,84.1,7.9,2.6,140,22,88,98.6,.7,
238,금산,2024-07-11,23.5,21.4,26.4,,,,4.8,2.6,340,21.5,71,89.8,.5,
238,금산,2024-07-12,24.8,20.7,31,,.3,.3,6.9,4.2,270,21.3,56,82.6,5.7,
238,금산,2024-07-13,24.7,20.2,31.1,,0,0,4.5,3.1,180,21.3,57,83.1,5.8,
238,금산,2024-07-14,25.5,21.6,29.5,,0,0,6.4,3.3,90,21.4,60,79.1,4,
238,금산,2024-07-15,25.7,21.7,30.9,,10.8,24.4,10.2,6.1,110,21.7,59,80.9,5.5,
238,금산,2024-07-16,24.1,21.8,27.7,,9.3,26.2,8.4,3.6,140,22.7,76,92.3,.4,
238,금산,2024-07-17,26.3,21.8,30.2,,.1,.1,9.2,5,180,22.5,61,81.3,.5,
238,금산,2024-07-18,26.8,24.1,28.8,,5.8,13,17.1,6.9,180,22.3,68,77.6,.1,
238,금산,2024-07-19,24.9,22.9,29.1,,.6,1.2,4.7,2,290,23.2,70,91.5,2.2,
238,금산,2024-07-20,26,21.7,31.3,,1.7,6.1,10.3,4.9,160,22.9,64,84.4,3.3,
238,금산,2024-07-21,27.9,24.6,31.9,,12.1,24.4,11.4,3.5,250,23.6,63,78.3,5.9,
238,금산,2024-07-22,28.7,25.1,32.1,,,,11.7,4.3,180,22.8,58,71.5,7.3,
238,금산,2024-07-23,27.3,25.3,29,,0,0,12.5,5,180,23.2,65,79.3,0,
238,금산,2024-07-24,27.5,23.8,33.2,,0,0,7.4,3.8,250,23.8,61,82.1,7.4,
238,금산,2024-07-25,27.7,23.7,33.4,,0,0,7.1,4.3,140,24,56,82.5,6.8,
238,금산,2024-07-26,27.3,24,32.2,,1.9,2.1,8.8,3.8,140,24.3,61,85.3,3.5,
238,금산,2024-07-27,27.5,24.9,32.1,,1.9,2.6,6.7,3.9,160,24.8,62,86.3,2.6,
238,금산,2024-07-28,28.8,24.3,33.7,,,,7.3,3.6,140,23.1,55,73.4,10.6,
238,금산,2024-07-29,27.8,23.8,31.7,,,,8.7,3.8,290,22.7,60,74.5,8.7,
238,금산,2024-07-30,28.2,25.2,32.3,,,,6.2,3.3,250,23,56,74.1,8.5,
238,금산,2024-07-31,28.5,23.5,34.3,,,,5.1,3,250,23.9,54,78.5,7.7,
238,금산,2024-08-01,28.8,25.2,33.5,,0,0,4.6,2.5,180,24.3,55,78.3,,
238,금산,2024-08-02,30.1,25.9,35,,,,5.7,2.7,270,25.5,57,78.6,8.9,
238,금산,2024-08-03,29.9,26.7,34.8,,.1,.1,5.2,3,230,25.8,58,80.8,7.5,
238,금산,2024-08-04,28.5,25.9,35.2,,1.2,1.3,5.3,2.6,90,26,58,87.5,2.8,
238,금산,2024-08-05,27.3,24,35,,16.6,39.4,16.1,8.4,250,25,58,88.6,5.8,
238,금산,2024-08-06,27.9,23.7,33.6,,,,5.4,2.5,140,24.5,57,83.9,8.5,
238,금산,2024-08-07,28.7,24.2,34.3,,,,5.1,2.9,290,24.6,56,80.8,10,
238,금산,2024-08-08,26.8,24.2,30.3,,0,0,4,2,290,24,64,85.6,2.3,
238,금산,2024-08-09,27.6,23.1,34,,,,4.3,2.4,270,23.3,50,79.8,9,
238,금산,2024-08-10,28.6,23.3,34,,,,4.2,2.1,140,23.6,52,76.6,6.2,
238,금산,2024-08-11,29,24,34.6,,,,4.4,2.3,140,23.9,50,76.4,10.9,
238,금산,2024-08-12,29.1,24.4,35.1,,,,4.6,2.4,250,24,49,76.4,9,
238,금산,2024-08-13,28.9,24,35.3,,,,5.2,2.5,70,21.9,44,69.3,11.2,
238,금산,2024-08-14,28.6,22.9,35.8,,,,5,3,140,20.3,32,65.5,12.5,
238,금산,2024-08-15,28.3,22.6,34.5,,,,4.9,2.8,250,22.2,47,72.6,9.4,
238,금산,2024-08-16,28.5,22.9,35.3,,,,5.9,2.8,180,22.8,43,74.1,10,
238,금산,2024-08-17,28.2,23.6,35.1,,,,6.2,2.6,270,23.4,44,77.3,8,
238,금산,2024-08-18,28.2,24.5,35.4,,0,0,4.7,2.7,110,23.4,44,78,7.8,
238,금산,2024-08-19,29.4,24.6,35.7,,.1,.1,5.3,3.1,160,23.4,41,73.4,10.2,
238,금산,2024-08-20,29.4,25.2,35.9,,.5,.8,9.7,5.5,250,25.3,51,80.6,6.4,
238,금산,2024-08-21,28.5,26.4,31.4,,2,3.8,5.7,3.1,140,25.6,68,85,.9,
238,금산,2024-08-22,28,24.4,32.9,,.6,1.1,9.5,5.2,140,24.6,61,83.3,5.2,
238,금산,2024-08-23,27.3,22.5,32.6,,,,6.1,2.8,250,23.1,53,80.1,10.7,
238,금산,2024-08-24,27.7,22.8,32.8,,,,5.2,2.6,290,23.7,54,80.8,7,
238,금산,2024-08-25,27.4,23.6,32.5,,,,5.3,2.1,290,23.8,57,82.3,4.1,
238,금산,2024-08-26,27.1,24,31.9,,2.4,3.1,5.1,2.3,290,24.2,61,85.4,3.3,
238,금산,2024-08-27,26.4,24.2,29.2,,0,0,4.5,2.2,110,23.1,72,82.5,0,
238,금산,2024-08-28,27,21.7,31.5,,,,7.3,3.4,90,20.4,56,68.1,9.9,
238,금산,2024-08-29,27.7,23.3,33.3,,,,8,4.3,70,21.1,50,68.3,7.4,
238,금산,2024-08-30,26.9,21.5,33.5,,,,6.5,3.5,270,21.1,47,72.9,11.5,
238,금산,2024-08-31,25.5,19.6,32.4,,,,5.6,2.5,290,20.1,45,75,10.2,
238,금산,2024-09-01,26,20.2,32.2,,,,5.5,2.5,290,20.4,44,74.6,8.6,
238,금산,2024-09-02,24.6,20.3,29.2,,0,0,4.2,1.8,290,21.4,58,83.1,2.9,
238,금산,2024-09-03,26.6,22.1,31.8,,,,7.2,3.4,90,19.7,50,67,7.2,
238,금산,2024-09-04,26.2,19.1,34.4,,,,4.2,2.3,270,18.6,37,65.5,10.6,
238,금산,2024-09-05,27,20.6,33,,,,7.5,4,270,20.8,38,71.8,9,
238,금산,2024-09-06,25.7,23.9,29.7,,.8,1,3.6,1.7,160,22.1,59,81.5,0,
238,금산,2024-09-07,25.5,23.2,30.1,,.9,1.8,3.7,1.8,20,23.2,67,88.3,1.6,
238,금산,2024-09-08,26.9,21.7,34.3,,,,5.3,2.9,290,21.3,41,74.4,9.1,
238,금산,2024-09-09,28.2,22.2,34.9,,0,0,5,2.5,140,22.2,47,72.8,5.9,
238,금산,2024-09-10,28.4,22.6,36.5,,,,4.8,2.6,160,21.4,38,69.8,10.3,
238,금산,2024-09-11,26.7,24.2,33.6,,.5,.6,5.2,3.3,110,24.4,55,88.4,.8,
238,금산,2024-09-12,26.6,24,31.7,,19,35.5,6.6,3.6,110,24.6,61,90.6,.3,
238,금산,2024-09-13,27.4,23.7,33.6,,,,5.7,2.7,140,23.7,52,82.1,5.9,
238,금산,2024-09-14,27.7,22.7,34.1,,,,5.4,2.4,320,23.2,53,78.9,9.1,
238,금산,2024-09-15,28.8,23.4,34.8,,,,6.6,3.5,90,23.4,52,74.9,10.2,
238,금산,2024-09-16,27.9,24.8,32.4,,0,0,6.3,3.5,90,22.6,59,73.9,2.2,
238,금산,2024-09-17,29.2,23.5,35.7,,,,4.8,2.6,270,23.9,47,75.6,9.7,
238,금산,2024-09-18,26.8,23.6,34,,8.5,40.9,7.5,3.7,180,24.5,59,88.8,3.1,
238,금산,2024-09-19,26.4,23.5,33.6,,6,7.3,9.2,5.4,140,24.1,53,89.1,4.3,
238,금산,2024-09-20,25.2,24.5,26.6,,2.4,5.1,4.6,2.4,110,24.7,86,97.9,0,
238,금산,2024-09-21,22.3,20.6,25.2,,15.4,49.7,4.7,2.5,110,21.7,85,97.1,0,
238,금산,2024-09-22,21.9,18.8,26.3,,,,7.6,3.4,90,17.8,59,79.4,2.8,
238,금산,2024-09-23,20.2,15.6,25.5,,,,6.4,3.6,90,13.7,47,68.6,11.2,
238,금산,2024-09-24,19.7,13.8,27,,,,4.4,2.1,250,14.5,46,74.5,9.8,
238,금산,2024-09-25,21.4,15.5,27.8,,,,4.3,2.2,250,17.7,56,81.4,7.3,
238,금산,2024-09-26,23.3,18.6,29.2,,,,6.2,2.5,250,19.2,48,80.1,7.6,
238,금산,2024-09-27,22.4,17.9,28.3,,,,4.9,2.5,270,17.9,45,78.3,8,
238,금산,2024-09-28,22,16.1,27.8,,,,6.8,3.9,90,17.5,54,77.3,7,
238,금산,2024-09-29,21.5,16.2,27.1,,,,6.5,3.6,90,16.7,51,76.8,9,
238,금산,2024-09-30,19.2,12.5,27.5,,,,5.8,2.1,270,13.6,36,74.5,10.9,
238,금산,2024-10-01,16.7,13.4,23.6,,.6,1.3,8,3.5,270,13.6,64,82.9,2.2,
238,금산,2024-10-02,13.3,7.8,19.8,,,,6.3,3.6,270,7,29,71.1,8.2,
238,금산,2024-10-03,11.9,7.4,15.9,,1,3.7,3.9,2.4,270,10.5,68,92,.4,
238,금산,2024-10-04,14.6,10.2,23.2,,,,3.8,2,140,11.8,45,85.6,6.9,
238,금산,2024-10-05,14.8,9.2,23.6,,,,3.8,1.9,200,11.8,50,85.4,7.3,
238,금산,2024-10-06,15.5,12.3,18.7,,.1,.2,2.4,1.3,140,14.3,76,93.8,0,
238,금산,2024-10-07,16.2,13.4,20,,.6,2.1,4.1,2.4,270,14,57,88.5,1.3,
238,금산,2024-10-08,15.6,12,22.5,,,,4.1,2.3,290,13.2,51,87.6,6,
238,금산,2024-10-09,16,10,23.5,,,,5.3,2.5,270,12.1,49,81.4,7.8,
238,금산,2024-10-10,16,10.3,22.8,,,,5.6,3.1,270,12.7,54,83.9,7.2,
238,금산,2024-10-11,16.1,12,24,,,,4.2,1.9,250,12.1,32,82,7.3,
238,금산,2024-10-12,15.2,10.2,24,,,,3.5,1.9,270,11.4,40,82.3,8,
238,금산,2024-10-13,15.8,8.6,24.1,,,,4.1,1.8,160,12.2,42,81.9,4.4,
238,금산,2024-10-14,17.3,14.6,19.7,,.7,1.8,3.4,1.9,90,16.3,79,94.5,0,
238,금산,2024-10-15,18.6,16.8,21.3,,1,3.1,3.4,1.7,290,18.2,90,97.6,0,
238,금산,2024-10-16,18.4,15.1,25,,,,3.2,2,250,16.4,55,90.3,4.7,
238,금산,2024-10-17,18,14.8,24.4,,,,5.3,2.8,90,15.3,52,86.3,6.2,
238,금산,2024-10-18,19.9,12.8,24.6,,.8,2.1,7.4,3.5,160,18.2,75,90.4,.1,
238,금산,2024-10-19,17.7,12.8,23.4,,3.5,10.9,9.9,4.9,290,15.2,69,86.1,0,
238,금산,2024-10-20,12.5,8.1,15.5,,,,10.8,5.5,90,6,51,65.5,4.5,
238,금산,2024-10-21,12.8,6.4,17.6,,.6,1.4,2.5,1.4,160,11,70,89.9,.4,
238,금산,2024-10-22,16.6,14.5,18.5,,1.1,3.9,4,1.6,270,16.4,91,98.9,0,
238,금산,2024-10-23,13.5,7.4,17.6,,.4,1.5,10.3,3.6,270,9.1,55,76.5,4.7,
238,금산,2024-10-24,10.2,5.8,18.3,,,,5.9,2.6,270,6.9,40,84.1,7.3,
238,금산,2024-10-25,12.3,5.2,21.2,,,,4.9,2.4,90,9.7,53,86.8,5.5,
238,금산,2024-10-26,15.2,9,24.1,,,,5.3,2.9,70,11.9,53,83.6,7.7,
238,금산,2024-10-27,13.7,10.4,16.6,,.2,.6,2.2,1,290,13.2,85,97.5,0,
238,금산,2024-10-28,15,12.5,18.9,,,,6.3,3,90,12.2,68,84.4,.8,
238,금산,2024-10-29,14.6,10.6,20.9,,,,5.1,2.6,110,10.2,50,76.9,3.4,
238,금산,2024-10-30,13.1,9,21.7,,,,4.1,2.1,270,9.9,45,84.5,6.8,
238,금산,2024-10-31,13,7.1,22.8,,,,3.3,1.7,270,9.4,40,82.4,7.6,
238,금산,2024-11-01,12.8,10.2,14.2,,,,3.5,2.1,180,11.8,85,94.1,0,
238,금산,2024-11-02,16.2,11.9,22.4,,,,6.6,2.9,140,13.4,55,85.5,3.9,
238,금산,2024-11-03,14.5,9.7,22.5,,,,3.4,1.7,50,11.6,41,86.1,5.6,
238,금산,2024-11-04,13.4,9.6,21,,,,7.2,3.4,290,9.4,35,80.3,3.7,
238,금산,2024-11-05,9.7,3.8,15.2,,,,6.4,3.3,290,2.8,38,64.5,7.5,
238,금산,2024-11-06,5.4,-.2,13.7,,,,6.3,2.9,290,-1,30,68,9.6,
238,금산,2024-11-07,6.2,-1.9,17.4,,,,4.6,2.1,270,.9,30,74.3,9.5,
238,금산,2024-11-08,9.8,1.6,19.4,,,,4.3,2.2,270,5.9,45,79.1,7,
238,금산,2024-11-09,10.9,5.4,19.2,,,,3.5,1.9,110,8.1,51,85.5,5.5,
238,금산,2024-11-10,11.3,7.1,19.8,,,,3,1.4,270,8.2,43,84.1,3.9,
238,금산,2024-11-11,11.1,4.1,21.4,,,,3.1,1.6,270,7.1,38,81,7,
238,금산,2024-11-12,11.4,6,19.8,,,,5.5,2.6,290,6.6,36,76.5,8.5,
238,금산,2024-11-13,10.3,2.8,21.1,,,,3.4,1.8,270,6.1,37,80,7.4,
238,금산,2024-11-14,12.6,6.8,19.4,,,,3.1,1.7,320,9.1,50,81.5,2.4,
238,금산,2024-11-15,13.1,9.2,19.4,,,,3.2,1.9,140,10.5,47,85.6,2.2,
238,금산,2024-11-16,15.8,8.6,23.9,,,,5.7,2.9,270,11.3,41,78.3,8.5,
238,금산,2024-11-17,9.3,2.3,16.1,,,,7.8,3.7,290,1.9,39,61.3,.4,
238,금산,2024-11-18,2,-3,8,,,,5.4,2.6,290,-10.3,20,43,9.4,
238,금산,2024-11-19,4,-4.6,13.2,,,,3.4,2.2,290,-1.7,42,69.1,6.1,
238,금산,2024-11-20,6.2,-1.2,12.8,,,,5.8,3.3,20,1.6,46,75.3,5.7,
238,금산,2024-11-21,8.9,2.9,15.4,,,,9.2,3.1,250,4.2,48,74.8,5.1,
238,금산,2024-11-22,6.7,-.2,12.6,,,,5.6,2.9,290,0,33,64.6,9.1,
238,금산,2024-11-23,3.1,-2.9,12.7,,,,3.2,2,270,-2,33,72.9,7.9,
238,금산,2024-11-24,5.4,-.5,15,,,,4.8,2.8,290,.9,40,75.6,7.7,
238,금산,2024-11-25,8.7,-.9,16.6,,,,6.1,3.3,110,3.4,44,72.9,6.1,
238,금산,2024-11-26,8.5,4.7,12.2,,,,12.3,5.1,270,2.4,39,67.9,3.2,
238,금산,2024-11-27,2.4,.8,5.3,,,,11.7,4.3,270,-1,61,79,0,
238,금산,2024-11-28,4.6,1.7,8.4,,,,13.2,5.5,250,-.4,44,71.4,3.3,
238,금산,2024-11-29,2.8,.3,4.8,,,,5.9,2.2,290,.1,63,83.4,.5,
238,금산,2024-11-30,4.7,-1.2,10.8,,,,7.3,3.6,290,1.3,57,81,5.1,
238,금산,2024-12-01,6.3,.5,13,,,,3.7,2,140,3.6,56,84.4,2.1,
238,금산,2024-12-02,7.8,1,16.1,,,,9.3,5,250,3.9,46,79.3,6.4,
238,금산,2024-12-03,2.1,-2,6.9,,,,5.9,3.1,320,-5,28,62.6,7.1,
238,금산,2024-12-04,2.5,-1.5,8.1,,,,6.8,3,270,-5.4,29,58.3,8.1,
238,금산,2024-12-05,3.9,-1.3,9.4,,,,8,3.9,270,-.4,42,75.4,1.7,
238,금산,2024-12-06,3.5,-1.1,8,,,,8.6,4.4,290,-2.1,33,70.6,4.8,
238,금산,2024-12-07,.3,-4.4,4.5,,,,6.4,2.8,290,-3.3,49,77.8,1.2,
238,금산,2024-12-08,0,-4.6,5,,,,6.7,3.5,290,-6.7,27,62.8,8.1,
238,금산,2024-12-09,1,-6.7,7,,,,5.2,2.4,270,-3.8,49,72.1,5.5,
238,금산,2024-12-10,2.7,-1.4,8.3,,,,6.3,2.6,270,-3.2,34,68.3,8.3,
238,금산,2024-12-11,1,-2.7,8.7,,,,4.7,2,270,-3.8,37,73,6,
238,금산,2024-12-12,-.6,-6.3,6.5,,,,4.9,2.3,320,-6.5,25,67.6,7.3,
238,금산,2024-12-13,-1,-3.7,4.3,,,,6.7,3.3,290,-4.2,40,80.5,.4,
238,금산,2024-12-14,-1.1,-6.8,4.4,,,,8.7,4.2,270,-5.8,45,72.4,6.4,
238,금산,2024-12-15,1.8,-1.8,6.7,,,,9.5,3.3,290,-1.3,60,80.9,1.5,
238,금산,2024-12-16,2.9,-1,7.9,,,,8.8,3.8,270,-3.1,38,67,6.8,
238,금산,2024-12-17,2,-.7,6.7,,,,7.8,3.8,290,-4.8,37,62,6.1,
238,금산,2024-12-18,-1.7,-6.2,1.9,,,,7.3,4,290,-8.5,44,60.8,7.6,
238,금산,2024-12-19,-3.2,-9.5,5.2,,,,3.2,1.8,270,-9.2,30,67.6,8.5,
238,금산,2024-12-20,-.4,-6,4.3,,,,3.2,1.5,320,-4.2,50,76.4,1.7,
238,금산,2024-12-21,.6,-2.6,2.9,,,,10.7,5.5,290,-2.9,63,77.5,.8,
238,금산,2024-12-22,-3.3,-7,1.7,,,,7.2,3.9,270,-9.2,38,65.5,9,
238,금산,2024-12-23,-2.4,-9,6.3,,,,5.4,2.6,250,-5,59,83.4,3,
238,금산,2024-12-24,-1,-6.2,6.2,,,,6.2,2.7,320,-5.3,37,75.6,8.9,
238,금산,2024-12-25,1.5,-4,7,,,,5.4,2.8,290,-2.6,53,75.1,2.4,
238,금산,2024-12-26,2.3,-2.2,6.3,,,,10.6,4.4,290,-3.6,43,66.3,7.6,
238,금산,2024-12-27,-.9,-4.4,2.3,,,,8.5,4.1,290,-6.5,47,67.1,6.1,
238,금산,2024-12-28,-2.1,-7.1,.2,,,,8.1,4.3,290,-6.3,55,73.3,5.1,
238,금산,2024-12-29,.4,-3.4,5.7,,,,6.5,3.2,230,-3.3,51,76.9,2.6,
238,금산,2024-12-30,5.5,-1.6,9.3,,,,9,4.1,250,.3,54,70.4,1.3,
238,금산,2024-12-31,1.7,-4.6,6.7,,,,8.8,4.5,270,-7.7,28,52.4,9,
238,금산,2025-01-01,.1,-6.9,9.1,,,,6.2,3,270,-5,37,71.1,8.9,
238,금산,2025-01-02,-.3,-5.7,7.8,,,,6,3.2,290,-7.2,22,65.3,8.7,
238,금산,2025-01-03,-1.3,-6.5,3.6,,,,7.7,3.3,290,-8.2,25,64.3,8.3,
238,금산,2025-01-04,-1.1,-6.3,5.9,,,,6,3.3,250,-6.2,34,71,7.7,
238,금산,2025-01-05,0,-5.9,4.5,,,,3.8,2.2,90,-1.3,77,91.6,0,
238,금산,2025-01-06,1.2,-1.4,5.6,,,,9.2,4.2,290,-2.3,56,79.3,2.5,
238,금산,2025-01-07,-1.8,-6.2,2.2,,,,8.7,4,290,-6.3,46,72.6,5.4,
238,금산,2025-01-08,-2,-5.9,1.6,,,,8.8,4,270,-4.1,68,85.4,2.6,
238,금산,2025-01-09,-8.7,-13.5,-3.5,,,,11.8,5.8,290,-13.9,46,66.5,5.4,
238,금산,2025-01-10,-7.8,-15.5,-1.4,,,,6.3,2.7,270,-12.6,42,70,9.1,
238,금산,2025-01-11,-3.7,-6.8,.5,,,,5.3,2.5,270,-7.7,53,74.6,2.7,
238,금산,2025-01-12,-3.4,-9.9,3.5,,,,6.8,3.2,270,-7.4,45,75.9,8.4,
238,금산,2025-01-13,-.1,-7.3,5.3,,,,6.2,2.7,250,-4.9,46,72.4,7.7,
238,금산,2025-01-14,3.2,-1.6,8.9,,,,9.1,3.9,270,-2.9,39,66.3,4.6,
238,금산,2025-01-15,-1.8,-5,1.9,,,,9.4,4.6,290,-10.8,37,51.1,9.1,
238,금산,2025-01-16,-.4,-5.9,5.3,,,,9.1,3.8,270,-6,44,67.1,3.1,
238,금산,2025-01-17,-.3,-5.4,6.9,,,,4.6,2.1,270,-5.3,39,71.4,8.9,
238,금산,2025-01-18,-.8,-8.1,8.9,,,,2.9,1.4,270,-8,23,64.3,7.4,
238,금산,2025-01-19,-.1,-7.6,9.7,,,,4.9,2.3,270,-4.8,45,73.5,7.7,
238,금산,2025-01-20,.6,-4,7.5,,,,5.3,2.9,270,-2.9,48,79.1,4.2,
238,금산,2025-01-21,0,-5.8,8.8,,,,4.3,2.3,270,-4.2,36,77,7.6,
238,금산,2025-01-22,1,-5.6,9.7,,,,6.3,3.5,250,-2.3,53,80.5,6.5,
238,금산,2025-01-23,.1,-3.9,9.9,,,,3.6,1.9,270,-4.5,20,76.5,4.8,
238,금산,2025-01-24,.3,-7.8,10.6,,,,3.3,1.9,270,-9,14,57,9.4,
238,금산,2025-01-25,1.7,-6.5,9.4,,,,7.1,3.6,90,-4.4,42,65.3,6,
238,금산,2025-01-26,2.7,-4,7.6,,,,6.4,3,70,-3.4,42,67,2.8,
238,금산,2025-01-27,-.4,-2.6,2.4,,,,8.9,3.5,270,-2.1,63,88.5,1.2,
238,금산,2025-01-28,-1.7,-2.9,.1,,,,10.6,5.4,270,-4.6,64,80.4,.5,
238,금산,2025-01-29,-3.4,-9.3,.2,,,,9.2,4.2,290,-7.6,55,72.6,2.9,
238,금산,2025-01-30,-4.5,-11,3.1,,,,2.5,1.4,140,-7.3,57,81.5,5.4,
238,금산,2025-01-31,.3,-6.7,8.1,,,,3.6,2.1,140,-2.5,52,83.1,2,
238,금산,2025-02-01,2.8,-.5,7.2,,,,3.1,1.7,90,2,75,95.1,.6,
238,금산,2025-02-02,2.2,-.9,8.3,,,,4.5,2.3,290,-1.1,39,82,3,
238,금산,2025-02-03,-1.8,-5.8,1.7,,,,12,5.6,290,-9.4,31,57.9,8.6,
238,금산,2025-02-04,-6.4,-8.2,-2.3,,,,10.6,5.5,290,-13.4,39,58,6.5,
238,금산,2025-02-05,-6.7,-11.5,-2.2,,,,7.5,4.1,290,-13.3,36,62.1,8.4,
238,금산,2025-02-06,-4.7,-12,.9,,,,7.8,4.1,250,-11.3,24,65.8,9,
238,금산,2025-02-07,-6.5,-9.6,-.3,,,,13.2,6.2,290,-10.3,51,75.1,1.7,
238,금산,2025-02-08,-7.3,-12.4,-1.6,,,,7.8,4,270,-12.1,46,70,8.4,
238,금산,2025-02-09,-5.3,-12.8,.9,,,,7.3,3.5,270,-9.8,46,72,7.9,
238,금산,2025-02-10,-3.6,-10.2,2.9,,,,7.1,3.9,270,-7.3,47,77.1,6.4,
238,금산,2025-02-11,-1.6,-9.9,8.9,,,,2.7,1.4,270,-8.4,22,65.9,9.8,
238,금산,2025-02-12,.8,-1.6,4.2,,,,11.3,5.5,270,-1.5,57,86.3,0,
238,금산,2025-02-13,-.2,-6.5,5.8,,,,8.7,4.6,250,-8.3,32,56.4,10,
238,금산,2025-02-14,1.1,-6.2,10.1,,,,5.4,2.5,270,-4.7,26,69.9,10,
238,금산,2025-02-15,1.3,-5.2,8.8,,,,5.4,2.4,250,-4.5,22,70,2.1,
238,금산,2025-02-16,4.3,-2.5,11.5,,,,9.9,4.1,270,-.6,44,71.5,7.9,
238,금산,2025-02-17,.8,-2.8,6,,,,12.2,5.6,290,-11.3,22,41.6,10.2,
238,금산,2025-02-18,-1.3,-4.6,3.7,,,,10,4.6,270,-12.1,26,45.6,10.3,
238,금산,2025-02-19,-2.3,-8.7,3.3,,,,9.1,3.9,290,-11.6,26,51.1,10.4,
238,금산,2025-02-20,-2.8,-9.3,3.5,,,,7.5,3.7,290,-12,28,52.9,10.3,
238,금산,2025-02-21,-2.3,-8.2,3.4,,,,7.7,4.1,270,-11.7,29,50.6,9.6,
238,금산,2025-02-22,-1.4,-6.2,3.3,,,,7.2,3.5,270,-9,31,58.9,9.5,
238,금산,2025-02-23,-3.5,-8.8,.9,,,,10.9,5.1,290,-10.7,38,59.4,5.2,
238,금산,2025-02-24,-2.1,-10.2,5.3,,,,7.9,3.6,290,-11.3,26,53.1,10.6,
238,금산,2025-02-25,.6,-8.9,7.7,,,,8.8,4.3,270,-5.8,31,64,9.3,
238,금산,2025-02-26,4.8,-2.9,10.8,,,,8.3,3.9,270,-6.2,16,50.1,10.2,
238,금산,2025-02-27,4.8,-6.7,16,,,,7,3.7,270,-9.2,11,43.9,10.4,
238,금산,2025-02-28,7.2,1.2,15.1,,,,4,2,160,3.3,49,78.9,4.2,
238,금산,2025-03-01,4.4,-1.7,8.6,,,,2.3,1.3,70,2.9,72,91.4,.4,
238,금산,2025-03-02,9.8,5.3,17,,,,9.6,4.9,90,7.6,68,87.4,2.3,
238,금산,2025-03-03,3.4,1.5,5.9,,,,12,6.2,90,-1.5,55,71.5,1.4,
238,금산,2025-03-04,2.5,1.1,4.4,,,,10.7,5.1,90,-.5,61,81,.1,
238,금산,2025-03-05,4.6,1,8.3,,,,4.3,2.5,270,.6,54,76.6,0,
238,금산,2025-03-06,4.5,-.8,9.9,,,,7,3,270,-2.5,35,63.4,5.3,
238,금산,2025-03-07,4.3,-3.9,11.7,,,,5.3,2.9,270,-4.5,29,58,7.8,
238,금산,2025-03-08,4.9,.5,10.6,,,,7.1,3.8,250,-1.3,47,65.1,4.1,
238,금산,2025-03-09,4.5,-3.1,14.3,,,,5,2.3,270,-2.7,25,65.5,10.6,
238,금산,2025-03-10,6,-2.3,15.8,,,,5.6,2.6,290,-2.5,24,60.8,9.9,
238,금산,2025-03-11,8.3,-2.1,18.2,,,,4.7,2.4,20,-2.5,17,54.3,10.6,
238,금산,2025-03-12,8.6,1.8,15.9,,,,6.4,3.3,290,1.8,28,65.6,3.9,
238,금산,2025-03-13,8.1,1.6,16.2,,,,9.3,4.1,270,-3.2,16,56.3,7.5,
238,금산,2025-03-14,11.2,-.3,20.6,,,,6,3.4,90,-4,15,41.1,10.6,
238,금산,2025-03-15,8,4.6,10.3,,,,10.9,5.7,90,1.2,43,63.1,.6,
238,금산,2025-03-16,3.6,-.2,6.8,,,,12.1,5.6,270,-2.5,32,66.9,2.2,
238,금산,2025-03-17,2.6,-.8,8,,,,9.7,4.4,270,-9.6,21,42,10.8,
238,금산,2025-03-18,.6,-1,2.2,,,,9,4.4,270,-2.6,47,79.4,.5,
238,금산,2025-03-19,1,-5.6,7,,,,7.4,3.7,250,-5.6,34,65.1,9.8,
238,금산,2025-03-20,6.7,-3.9,14.5,,,,11,5.1,230,-.3,39,63.6,10.5,
238,금산,2025-03-21,12.3,3.6,21.1,,,,11.7,5.7,250,.6,18,49.3,10.9,
238,금산,2025-03-22,13.6,2.6,22.5,,,,11,5,270,.2,20,44.4,11.1,
238,금산,2025-03-23,15.2,2.5,26.2,,,,8.4,4.8,250,-.3,12,41.5,9.8,
238,금산,2025-03-24,16.5,10.3,22.7,,,,10.4,5.3,290,5.7,28,51.8,8.3,
238,금산,2025-03-25,14.3,5.5,25.9,,,,16.1,8.4,230,4.4,16,58.6,7.8,
238,금산,2025-03-26,17.1,1.9,28.6,,,,8.1,5,180,1.5,12,43.5,11.1,
238,금산,2025-03-27,16.4,8.7,21.9,,,,11.6,4.9,290,10.6,42,69.8,0,
238,금산,2025-03-28,7.1,4.2,12.2,,,,10.9,5.4,270,-4.9,16,47.9,6.5,
238,금산,2025-03-29,3,-2.1,8.3,,,,12.2,5.5,290,-6.7,25,51.4,6.1,
238,금산,2025-03-30,3,-2.7,9.2,,,,11.6,4.6,270,-7.1,25,49.4,9.3,
238,금산,2025-03-31,5.6,-2.9,13.6,,,,6,3.1,270,-2.7,31,59.3,7.1,
238,금산,2025-04-01,8.1,-2,18.2,,,,5.5,2.9,270,-2.5,18,54.5,11.1,
238,금산,2025-04-02,8.1,-.5,17.7,,0,0,12.5,5.2,270,-.6,23,59.4,7.1,
